-- MySQL dump 10.13  Distrib 8.0.33, for Win64 (x86_64)
--
-- Host: 13.125.61.45    Database: music
-- ------------------------------------------------------
-- Server version	8.0.34

/*!40101 SET @OLD_CHARACTER_SET_CLIENT=@@CHARACTER_SET_CLIENT */;
/*!40101 SET @OLD_CHARACTER_SET_RESULTS=@@CHARACTER_SET_RESULTS */;
/*!40101 SET @OLD_COLLATION_CONNECTION=@@COLLATION_CONNECTION */;
/*!50503 SET NAMES utf8 */;
/*!40103 SET @OLD_TIME_ZONE=@@TIME_ZONE */;
/*!40103 SET TIME_ZONE='+00:00' */;
/*!40014 SET @OLD_UNIQUE_CHECKS=@@UNIQUE_CHECKS, UNIQUE_CHECKS=0 */;
/*!40014 SET @OLD_FOREIGN_KEY_CHECKS=@@FOREIGN_KEY_CHECKS, FOREIGN_KEY_CHECKS=0 */;
/*!40101 SET @OLD_SQL_MODE=@@SQL_MODE, SQL_MODE='NO_AUTO_VALUE_ON_ZERO' */;
/*!40111 SET @OLD_SQL_NOTES=@@SQL_NOTES, SQL_NOTES=0 */;

--
-- Table structure for table `article`
--

DROP TABLE IF EXISTS `article`;
/*!40101 SET @saved_cs_client     = @@character_set_client */;
/*!50503 SET character_set_client = utf8mb4 */;
CREATE TABLE `article` (
  `article_id` int NOT NULL AUTO_INCREMENT,
  `user_id` int NOT NULL,
  `title` varchar(255) DEFAULT NULL,
  `content` varchar(4000) DEFAULT NULL,
  `created_at` int DEFAULT (unix_timestamp()),
  `hit` int DEFAULT NULL,
  `deleted_at` int DEFAULT NULL,
  PRIMARY KEY (`article_id`),
  KEY `user_to_article_FK_user_id` (`user_id`),
  CONSTRAINT `user_to_article_FK_user_id` FOREIGN KEY (`user_id`) REFERENCES `user` (`user_id`)
) ENGINE=InnoDB AUTO_INCREMENT=288 DEFAULT CHARSET=utf8mb4 COLLATE=utf8mb4_0900_ai_ci;
/*!40101 SET character_set_client = @saved_cs_client */;

--
-- Dumping data for table `article`
--

LOCK TABLES `article` WRITE;
/*!40000 ALTER TABLE `article` DISABLE KEYS */;
INSERT INTO `article` VALUES (1,27,'안녕하세요 강사 등록한 사람인데요~','경력 0년이지만 함께 공부하면서 배운다는 마인드로 열심히 할게요~\n\n시급은 귀엽게 보시면 안됩니다~',1691126510,6,NULL),(2,30,'##자바 강의합니다##','안녕하세요 troment입니다.\n\n악기는 모르겠고 자바 강의하려 합니다.\n악보 볼줄모릅니다. 감사합니다.',1691126510,17,NULL),(3,29,'행복한 쿼카입니다.','당신은 쿼카의 축복을 받았습니다.\n일찍 조퇴하세요.\n',1691126510,5,NULL),(4,2,'악기 커뮤니티 소식','이번 달 악기 커뮤니티에서 열리는 이벤트와 소식을 알려드립니다.',1691126510,1500,NULL),(5,3,'내가 좋아하는 악기','저는 기타를 좋아하고 연주하는 것을 즐깁니다. 여러분은 어떤 악기를 좋아하나요?',1691126510,822,NULL),(6,4,'피아노 고수 되는 법','피아노를 처음 시작한 지 얼마 안 됐지만, 고수가 되려면 어떤 노력이 필요할까요? 조언 부탁드립니다.',1691126510,121,NULL),(7,5,'음악 공연 후기','어제 열린 악기 연주 음악회에 다녀왔습니다. 연주자들의 뛰어난 실력에 감동받았어요.',1691126510,481,NULL),(8,6,'악기 관련 질문','드럼을 시작하려고 하는데, 어떤 드럼 종류부터 공부해야 할까요? 조언 부탁드립니다.',1691126510,60,NULL),(9,7,'음악 스쿨 추천','악기 연주를 더욱 향상시키고 싶은데, 좋은 음악 스쿨을 아시는 분 계신가요?',1691126510,2304,NULL),(10,8,'새로운 악기 도전','지금까지 해보지 않았던 악기에 도전하려고 합니다. 여러분의 의견이 궁금합니다!',1691126510,430,NULL),(11,9,'기타 코드 공유','오늘 연습한 기타 코드를 공유합니다. 같이 연주하실 분?',1691126510,70,NULL),(12,10,'작곡에 대한 고민','작곡을 시작했는데 멋진 멜로디가 떠오르지 않습니다. 작곡 팁이나 아이디어를 공유해주세요!',1691126510,980,NULL),(13,11,'오랜만의 연습','바쁜 일상 끝에 오랜만에 악기를 연습했습니다. 조금 서툴더라도 연주하는 즐거움을 느낄 수 있어 기분 좋았어요.',1691126510,40,NULL),(14,12,'음악 친구 구해요','같이 음악 활동을 할 친구를 찾고 있습니다. 함께 연주하고 나눌 사람 모집합니다!',1691126510,181,NULL),(15,13,'음악 강연 후기','어제 열린 음악 강연에서 배운 점들을 공유하려고 합니다. 음악에 대한 새로운 시각을 얻을 수 있었어요.',1691126510,522,NULL),(16,14,'피아노 연습법','피아노 연습법에 대해 자문해주세요. 효과적인 연습 방법을 찾고 있습니다.',1691126510,240,NULL),(17,15,'악기 선물 고르기','친구에게 생일 선물로 악기를 주려고 합니다. 어떤 악기가 좋을지 고민 중입니다.',1691126510,622,NULL),(18,16,'음악 이론 공부','음악 이론을 공부하는 중인데, 음계와 화음에 대해 궁금한 점이 많습니다.',1691126510,1900,NULL),(19,17,'밴드 멤버 모집','신나는 음악을 함께 연주할 밴드 멤버를 모집합니다. 함께 멋진 공연을 준비해봐요!',1691126510,151,NULL),(20,18,'음악 인스타그램 시작','제 음악 연주를 공유하기 위해 인스타그램 계정을 만들었습니다. 팔로우해주세요!',1691126510,322,NULL),(21,19,'악기 수리 공유','악기가 고장나서 수리를 했습니다. 수리 경험을 공유하려고 합니다.',1691126510,92,NULL),(22,20,'음악을 통한 소통','음악을 통해 다양한 사람들과 소통하고 싶습니다. 여러분의 소중한 이야기를 들려주세요!',1691126510,772,NULL),(23,20,'악기 커뮤니티 소식','이번 달 악기 커뮤니티에서 열리는 이벤트와 소식을 알려드립니다.',1691126510,1501,NULL),(24,21,'내가 좋아하는 악기','저는 기타를 좋아하고 연주하는 것을 즐깁니다. 여러분은 어떤 악기를 좋아하나요?',1691126510,820,NULL),(25,22,'피아노 고수 되는 법','피아노를 처음 시작한 지 얼마 안 됐지만, 고수가 되려면 어떤 노력이 필요할까요? 조언 부탁드립니다.',1691126510,120,NULL),(26,23,'음악 공연 후기','어제 열린 악기 연주 음악회에 다녀왔습니다. 연주자들의 뛰어난 실력에 감동받았어요.',1691126510,480,NULL),(27,24,'악기 관련 질문','드럼을 시작하려고 하는데, 어떤 드럼 종류부터 공부해야 할까요? 조언 부탁드립니다.',1691126510,60,NULL),(28,25,'음악 스쿨 추천','악기 연주를 더욱 향상시키고 싶은데, 좋은 음악 스쿨을 아시는 분 계신가요?',1691126510,2301,NULL),(29,26,'새로운 악기 도전','지금까지 해보지 않았던 악기에 도전하려고 합니다. 여러분의 의견이 궁금합니다!',1691126510,430,NULL),(30,27,'기타 코드 공유','오늘 연습한 기타 코드를 공유합니다. 같이 연주하실 분?',1691299321,70,NULL),(31,28,'작곡에 대한 고민','작곡을 시작했는데 멋진 멜로디가 떠오르지 않습니다. 작곡 팁이나 아이디어를 공유해주세요!',1691299321,980,NULL),(32,29,'오랜만의 연습','바쁜 일상 끝에 오랜만에 악기를 연습했습니다. 조금 서툴더라도 연주하는 즐거움을 느낄 수 있어 기분 좋았어요.',1691299321,40,NULL),(33,2,'악기 커뮤니티 소식','이번 달 악기 커뮤니티에서 열리는 이벤트와 소식을 알려드립니다.',1691299321,1500,NULL),(34,3,'내가 좋아하는 악기','저는 기타를 좋아하고 연주하는 것을 즐깁니다. 여러분은 어떤 악기를 좋아하나요?',1691299321,821,NULL),(35,4,'피아노 고수 되는 법','피아노를 처음 시작한 지 얼마 안 됐지만, 고수가 되려면 어떤 노력이 필요할까요? 조언 부탁드립니다.',1691299321,120,NULL),(36,5,'음악 공연 후기','어제 열린 악기 연주 음악회에 다녀왔습니다. 연주자들의 뛰어난 실력에 감동받았어요.',1691299321,480,NULL),(37,6,'악기 관련 질문','드럼을 시작하려고 하는데, 어떤 드럼 종류부터 공부해야 할까요? 조언 부탁드립니다.',1691299321,60,NULL),(38,7,'음악 스쿨 추천','악기 연주를 더욱 향상시키고 싶은데, 좋은 음악 스쿨을 아시는 분 계신가요?',1691299321,2301,NULL),(39,8,'새로운 악기 도전','지금까지 해보지 않았던 악기에 도전하려고 합니다. 여러분의 의견이 궁금합니다!',1691299321,430,NULL),(40,9,'기타 코드 공유','오늘 연습한 기타 코드를 공유합니다. 같이 연주하실 분?',1691299321,70,NULL),(41,10,'작곡에 대한 고민','작곡을 시작했는데 멋진 멜로디가 떠오르지 않습니다. 작곡 팁이나 아이디어를 공유해주세요!',1691299321,980,NULL),(42,11,'오랜만의 연습','바쁜 일상 끝에 오랜만에 악기를 연습했습니다. 조금 서툴더라도 연주하는 즐거움을 느낄 수 있어 기분 좋았어요.',1691299321,40,NULL),(43,12,'음악 친구 구해요','같이 음악 활동을 할 친구를 찾고 있습니다. 함께 연주하고 나눌 사람 모집합니다!',1691299321,180,NULL),(44,13,'음악 강연 후기','어제 열린 음악 강연에서 배운 점들을 공유하려고 합니다. 음악에 대한 새로운 시각을 얻을 수 있었어요.',1691299321,520,NULL),(45,14,'피아노 연습법','피아노 연습법에 대해 자문해주세요. 효과적인 연습 방법을 찾고 있습니다.',1691299321,240,NULL),(46,15,'악기 선물 고르기','친구에게 생일 선물로 악기를 주려고 합니다. 어떤 악기가 좋을지 고민 중입니다.',1691299321,620,NULL),(47,16,'음악 이론 공부','음악 이론을 공부하는 중인데, 음계와 화음에 대해 궁금한 점이 많습니다.',1691299321,1900,NULL),(48,17,'밴드 멤버 모집','신나는 음악을 함께 연주할 밴드 멤버를 모집합니다. 함께 멋진 공연을 준비해봐요!',1691299321,150,NULL),(49,18,'음악 인스타그램 시작','제 음악 연주를 공유하기 위해 인스타그램 계정을 만들었습니다. 팔로우해주세요!',1691299321,320,NULL),(50,19,'악기 수리 공유','악기가 고장나서 수리를 했습니다. 수리 경험을 공유하려고 합니다.',1691299321,90,NULL),(51,20,'음악을 통한 소통','음악을 통해 다양한 사람들과 소통하고 싶습니다. 여러분의 소중한 이야기를 들려주세요!',1691299321,770,NULL),(52,20,'악기 커뮤니티 소식','이번 달 악기 커뮤니티에서 열리는 이벤트와 소식을 알려드립니다.',1691299321,1500,NULL),(53,21,'내가 좋아하는 악기','저는 기타를 좋아하고 연주하는 것을 즐깁니다. 여러분은 어떤 악기를 좋아하나요?',1691299321,820,NULL),(54,22,'피아노 고수 되는 법','피아노를 처음 시작한 지 얼마 안 됐지만, 고수가 되려면 어떤 노력이 필요할까요? 조언 부탁드립니다.',1691299321,121,NULL),(55,23,'음악 공연 후기','어제 열린 악기 연주 음악회에 다녀왔습니다. 연주자들의 뛰어난 실력에 감동받았어요.',1691299321,480,NULL),(56,24,'악기 관련 질문','드럼을 시작하려고 하는데, 어떤 드럼 종류부터 공부해야 할까요? 조언 부탁드립니다.',1691299321,60,NULL),(57,25,'음악 스쿨 추천','악기 연주를 더욱 향상시키고 싶은데, 좋은 음악 스쿨을 아시는 분 계신가요?',1691299321,2300,NULL),(58,26,'새로운 악기 도전','지금까지 해보지 않았던 악기에 도전하려고 합니다. 여러분의 의견이 궁금합니다!',1691299321,430,NULL),(59,27,'기타 코드 공유','오늘 연습한 기타 코드를 공유합니다. 같이 연주하실 분?',1691299321,70,NULL),(60,28,'작곡에 대한 고민','작곡을 시작했는데 멋진 멜로디가 떠오르지 않습니다. 작곡 팁이나 아이디어를 공유해주세요!',1691385750,980,NULL),(61,29,'오랜만의 연습','바쁜 일상 끝에 오랜만에 악기를 연습했습니다. 조금 서툴더라도 연주하는 즐거움을 느낄 수 있어 기분 좋았어요.',1691385750,40,NULL),(62,2,'악기 커뮤니티 소식','이번 달 악기 커뮤니티에서 열리는 이벤트와 소식을 알려드립니다.',1691385750,1500,NULL),(63,3,'내가 좋아하는 악기','저는 기타를 좋아하고 연주하는 것을 즐깁니다. 여러분은 어떤 악기를 좋아하나요?',1691385750,820,NULL),(64,4,'피아노 고수 되는 법','피아노를 처음 시작한 지 얼마 안 됐지만, 고수가 되려면 어떤 노력이 필요할까요? 조언 부탁드립니다.',1691385750,120,NULL),(65,5,'음악 공연 후기','어제 열린 악기 연주 음악회에 다녀왔습니다. 연주자들의 뛰어난 실력에 감동받았어요.',1691385750,480,NULL),(66,6,'악기 관련 질문','드럼을 시작하려고 하는데, 어떤 드럼 종류부터 공부해야 할까요? 조언 부탁드립니다.',1691385750,62,NULL),(67,7,'음악 스쿨 추천','악기 연주를 더욱 향상시키고 싶은데, 좋은 음악 스쿨을 아시는 분 계신가요?',1691385750,2302,NULL),(68,8,'새로운 악기 도전','지금까지 해보지 않았던 악기에 도전하려고 합니다. 여러분의 의견이 궁금합니다!',1691385750,430,NULL),(69,9,'기타 코드 공유','오늘 연습한 기타 코드를 공유합니다. 같이 연주하실 분?',1691385750,70,NULL),(70,10,'작곡에 대한 고민','작곡을 시작했는데 멋진 멜로디가 떠오르지 않습니다. 작곡 팁이나 아이디어를 공유해주세요!',1691472158,980,NULL),(71,11,'오랜만의 연습','바쁜 일상 끝에 오랜만에 악기를 연습했습니다. 조금 서툴더라도 연주하는 즐거움을 느낄 수 있어 기분 좋았어요.',1691472158,40,NULL),(72,12,'음악 친구 구해요','같이 음악 활동을 할 친구를 찾고 있습니다. 함께 연주하고 나눌 사람 모집합니다!',1691472158,180,NULL),(73,13,'음악 강연 후기','어제 열린 음악 강연에서 배운 점들을 공유하려고 합니다. 음악에 대한 새로운 시각을 얻을 수 있었어요.',1691472158,520,NULL),(74,14,'피아노 연습법','피아노 연습법에 대해 자문해주세요. 효과적인 연습 방법을 찾고 있습니다.',1691472158,240,NULL),(75,15,'악기 선물 고르기','친구에게 생일 선물로 악기를 주려고 합니다. 어떤 악기가 좋을지 고민 중입니다.',1691472158,620,NULL),(76,16,'음악 이론 공부','음악 이론을 공부하는 중인데, 음계와 화음에 대해 궁금한 점이 많습니다.',1691472158,1900,NULL),(77,17,'밴드 멤버 모집','신나는 음악을 함께 연주할 밴드 멤버를 모집합니다. 함께 멋진 공연을 준비해봐요!',1691472158,150,NULL),(78,18,'음악 인스타그램 시작','제 음악 연주를 공유하기 위해 인스타그램 계정을 만들었습니다. 팔로우해주세요!',1691472158,320,NULL),(79,19,'악기 수리 공유','악기가 고장나서 수리를 했습니다. 수리 경험을 공유하려고 합니다.',1691472158,90,NULL),(80,20,'음악을 통한 소통','음악을 통해 다양한 사람들과 소통하고 싶습니다. 여러분의 소중한 이야기를 들려주세요!',1691558570,770,NULL),(81,20,'악기 커뮤니티 소식','이번 달 악기 커뮤니티에서 열리는 이벤트와 소식을 알려드립니다.',1691558570,1500,NULL),(82,21,'내가 좋아하는 악기','저는 기타를 좋아하고 연주하는 것을 즐깁니다. 여러분은 어떤 악기를 좋아하나요?',1691558570,821,NULL),(83,22,'피아노 고수 되는 법','피아노를 처음 시작한 지 얼마 안 됐지만, 고수가 되려면 어떤 노력이 필요할까요? 조언 부탁드립니다.',1691558570,120,NULL),(84,23,'음악 공연 후기','어제 열린 악기 연주 음악회에 다녀왔습니다. 연주자들의 뛰어난 실력에 감동받았어요.',1691558570,480,NULL),(85,24,'악기 관련 질문','드럼을 시작하려고 하는데, 어떤 드럼 종류부터 공부해야 할까요? 조언 부탁드립니다.',1691558570,60,NULL),(86,25,'음악 스쿨 추천','악기 연주를 더욱 향상시키고 싶은데, 좋은 음악 스쿨을 아시는 분 계신가요?',1691558570,2300,NULL),(87,26,'새로운 악기 도전','지금까지 해보지 않았던 악기에 도전하려고 합니다. 여러분의 의견이 궁금합니다!',1691558570,430,NULL),(88,27,'기타 코드 공유','오늘 연습한 기타 코드를 공유합니다. 같이 연주하실 분?',1691558570,70,NULL),(89,28,'작곡에 대한 고민','작곡을 시작했는데 멋진 멜로디가 떠오르지 않습니다. 작곡 팁이나 아이디어를 공유해주세요!',1691558570,980,NULL),(90,29,'오랜만의 연습','바쁜 일상 끝에 오랜만에 악기를 연습했습니다. 조금 서툴더라도 연주하는 즐거움을 느낄 수 있어 기분 좋았어요.',1691644981,40,NULL),(91,2,'악기 커뮤니티 소식','이번 달 악기 커뮤니티에서 열리는 이벤트와 소식을 알려드립니다.',1691644981,1500,NULL),(92,3,'내가 좋아하는 악기','저는 기타를 좋아하고 연주하는 것을 즐깁니다. 여러분은 어떤 악기를 좋아하나요?',1691644981,820,NULL),(93,4,'피아노 고수 되는 법','피아노를 처음 시작한 지 얼마 안 됐지만, 고수가 되려면 어떤 노력이 필요할까요? 조언 부탁드립니다.',1691644981,120,NULL),(94,5,'음악 공연 후기','어제 열린 악기 연주 음악회에 다녀왔습니다. 연주자들의 뛰어난 실력에 감동받았어요.',1691644981,481,NULL),(95,6,'악기 관련 질문','드럼을 시작하려고 하는데, 어떤 드럼 종류부터 공부해야 할까요? 조언 부탁드립니다.',1691644981,60,NULL),(96,7,'음악 스쿨 추천','악기 연주를 더욱 향상시키고 싶은데, 좋은 음악 스쿨을 아시는 분 계신가요?',1691644981,2300,NULL),(97,8,'새로운 악기 도전','지금까지 해보지 않았던 악기에 도전하려고 합니다. 여러분의 의견이 궁금합니다!',1691644981,430,NULL),(98,9,'기타 코드 공유','오늘 연습한 기타 코드를 공유합니다. 같이 연주하실 분?',1691644981,70,NULL),(99,10,'작곡에 대한 고민','작곡을 시작했는데 멋진 멜로디가 떠오르지 않습니다. 작곡 팁이나 아이디어를 공유해주세요!',1691644981,981,NULL),(100,11,'오랜만의 연습','바쁜 일상 끝에 오랜만에 악기를 연습했습니다. 조금 서툴더라도 연주하는 즐거움을 느낄 수 있어 기분 좋았어요.',1691644981,40,NULL),(101,12,'음악 친구 구해요','같이 음악 활동을 할 친구를 찾고 있습니다. 함께 연주하고 나눌 사람 모집합니다!',1691644981,180,NULL),(102,13,'음악 강연 후기','어제 열린 음악 강연에서 배운 점들을 공유하려고 합니다. 음악에 대한 새로운 시각을 얻을 수 있었어요.',1691644981,521,NULL),(103,14,'피아노 연습법','피아노 연습법에 대해 자문해주세요. 효과적인 연습 방법을 찾고 있습니다.',1691644981,240,NULL),(104,15,'악기 선물 고르기','친구에게 생일 선물로 악기를 주려고 합니다. 어떤 악기가 좋을지 고민 중입니다.',1691644981,620,NULL),(105,16,'음악 이론 공부','음악 이론을 공부하는 중인데, 음계와 화음에 대해 궁금한 점이 많습니다.',1691644981,1900,NULL),(106,17,'밴드 멤버 모집','신나는 음악을 함께 연주할 밴드 멤버를 모집합니다. 함께 멋진 공연을 준비해봐요!',1691644981,151,NULL),(107,18,'음악 인스타그램 시작','제 음악 연주를 공유하기 위해 인스타그램 계정을 만들었습니다. 팔로우해주세요!',1691644981,322,NULL),(108,19,'악기 수리 공유','악기가 고장나서 수리를 했습니다. 수리 경험을 공유하려고 합니다.',1691644981,90,NULL),(109,20,'음악을 통한 소통','음악을 통해 다양한 사람들과 소통하고 싶습니다. 여러분의 소중한 이야기를 들려주세요!',1691644981,770,NULL),(110,20,'악기 커뮤니티 소식','이번 달 악기 커뮤니티에서 열리는 이벤트와 소식을 알려드립니다.',1691644981,1500,NULL),(111,21,'내가 좋아하는 악기','저는 기타를 좋아하고 연주하는 것을 즐깁니다. 여러분은 어떤 악기를 좋아하나요?',1691644981,820,NULL),(112,22,'피아노 고수 되는 법','피아노를 처음 시작한 지 얼마 안 됐지만, 고수가 되려면 어떤 노력이 필요할까요? 조언 부탁드립니다.',1691644981,121,NULL),(113,23,'음악 공연 후기','어제 열린 악기 연주 음악회에 다녀왔습니다. 연주자들의 뛰어난 실력에 감동받았어요.',1691644981,481,NULL),(114,24,'악기 관련 질문','드럼을 시작하려고 하는데, 어떤 드럼 종류부터 공부해야 할까요? 조언 부탁드립니다.',1691644981,61,NULL),(115,25,'음악 스쿨 추천','악기 연주를 더욱 향상시키고 싶은데, 좋은 음악 스쿨을 아시는 분 계신가요?',1691644981,2301,NULL),(116,26,'새로운 악기 도전','지금까지 해보지 않았던 악기에 도전하려고 합니다. 여러분의 의견이 궁금합니다!',1691644981,430,NULL),(117,27,'기타 코드 공유','오늘 연습한 기타 코드를 공유합니다. 같이 연주하실 분?',1691644981,71,NULL),(118,28,'작곡에 대한 고민','작곡을 시작했는데 멋진 멜로디가 떠오르지 않습니다. 작곡 팁이나 아이디어를 공유해주세요!',1691644981,981,NULL),(119,29,'오랜만의 연습','바쁜 일상 끝에 오랜만에 악기를 연습했습니다. 조금 서툴더라도 연주하는 즐거움을 느낄 수 있어 기분 좋았어요.',1691644981,40,NULL),(120,2,'악기 커뮤니티 소식','이번 달 악기 커뮤니티에서 열리는 이벤트와 소식을 알려드립니다.',1691731388,1500,NULL),(121,3,'내가 좋아하는 악기','저는 기타를 좋아하고 연주하는 것을 즐깁니다. 여러분은 어떤 악기를 좋아하나요?',1691731388,822,NULL),(122,4,'피아노 고수 되는 법','피아노를 처음 시작한 지 얼마 안 됐지만, 고수가 되려면 어떤 노력이 필요할까요? 조언 부탁드립니다.',1691731388,120,NULL),(123,5,'음악 공연 후기','어제 열린 악기 연주 음악회에 다녀왔습니다. 연주자들의 뛰어난 실력에 감동받았어요.',1691731388,480,NULL),(124,6,'악기 관련 질문','드럼을 시작하려고 하는데, 어떤 드럼 종류부터 공부해야 할까요? 조언 부탁드립니다.',1691731388,60,NULL),(125,7,'음악 스쿨 추천','악기 연주를 더욱 향상시키고 싶은데, 좋은 음악 스쿨을 아시는 분 계신가요?',1691731388,2303,NULL),(126,8,'새로운 악기 도전','지금까지 해보지 않았던 악기에 도전하려고 합니다. 여러분의 의견이 궁금합니다!',1691731388,430,NULL),(127,9,'기타 코드 공유','오늘 연습한 기타 코드를 공유합니다. 같이 연주하실 분?',1691731388,72,NULL),(128,10,'작곡에 대한 고민','작곡을 시작했는데 멋진 멜로디가 떠오르지 않습니다. 작곡 팁이나 아이디어를 공유해주세요!',1691731388,980,NULL),(129,11,'오랜만의 연습','바쁜 일상 끝에 오랜만에 악기를 연습했습니다. 조금 서툴더라도 연주하는 즐거움을 느낄 수 있어 기분 좋았어요.',1691731388,40,NULL),(130,12,'음악 친구 구해요','같이 음악 활동을 할 친구를 찾고 있습니다. 함께 연주하고 나눌 사람 모집합니다!',1691731388,180,NULL),(131,13,'음악 강연 후기','어제 열린 음악 강연에서 배운 점들을 공유하려고 합니다. 음악에 대한 새로운 시각을 얻을 수 있었어요.',1691731388,520,NULL),(132,14,'피아노 연습법','피아노 연습법에 대해 자문해주세요. 효과적인 연습 방법을 찾고 있습니다.',1691731388,240,NULL),(133,15,'악기 선물 고르기','친구에게 생일 선물로 악기를 주려고 합니다. 어떤 악기가 좋을지 고민 중입니다.',1691731388,620,NULL),(134,16,'음악 이론 공부','음악 이론을 공부하는 중인데, 음계와 화음에 대해 궁금한 점이 많습니다.',1691731388,1900,NULL),(135,17,'밴드 멤버 모집','신나는 음악을 함께 연주할 밴드 멤버를 모집합니다. 함께 멋진 공연을 준비해봐요!',1691731388,150,NULL),(136,18,'음악 인스타그램 시작','제 음악 연주를 공유하기 위해 인스타그램 계정을 만들었습니다. 팔로우해주세요!',1691731388,321,NULL),(137,19,'악기 수리 공유','악기가 고장나서 수리를 했습니다. 수리 경험을 공유하려고 합니다.',1691731388,92,NULL),(138,20,'음악을 통한 소통','음악을 통해 다양한 사람들과 소통하고 싶습니다. 여러분의 소중한 이야기를 들려주세요!',1691731388,770,NULL),(139,20,'악기 커뮤니티 소식','이번 달 악기 커뮤니티에서 열리는 이벤트와 소식을 알려드립니다.',1691731388,1500,NULL),(140,21,'내가 좋아하는 악기','저는 기타를 좋아하고 연주하는 것을 즐깁니다. 여러분은 어떤 악기를 좋아하나요?',1691731388,820,NULL),(141,22,'피아노 고수 되는 법','피아노를 처음 시작한 지 얼마 안 됐지만, 고수가 되려면 어떤 노력이 필요할까요? 조언 부탁드립니다.',1691731388,121,NULL),(142,23,'음악 공연 후기','어제 열린 악기 연주 음악회에 다녀왔습니다. 연주자들의 뛰어난 실력에 감동받았어요.',1691731388,480,NULL),(143,24,'악기 관련 질문','드럼을 시작하려고 하는데, 어떤 드럼 종류부터 공부해야 할까요? 조언 부탁드립니다.',1691731388,61,NULL),(144,25,'음악 스쿨 추천','악기 연주를 더욱 향상시키고 싶은데, 좋은 음악 스쿨을 아시는 분 계신가요?',1691731388,2300,NULL),(145,26,'새로운 악기 도전','지금까지 해보지 않았던 악기에 도전하려고 합니다. 여러분의 의견이 궁금합니다!',1691731388,430,NULL),(146,27,'기타 코드 공유','오늘 연습한 기타 코드를 공유합니다. 같이 연주하실 분?',1691731388,70,NULL),(147,28,'작곡에 대한 고민','작곡을 시작했는데 멋진 멜로디가 떠오르지 않습니다. 작곡 팁이나 아이디어를 공유해주세요!',1691731388,980,NULL),(148,29,'오랜만의 연습','바쁜 일상 끝에 오랜만에 악기를 연습했습니다. 조금 서툴더라도 연주하는 즐거움을 느낄 수 있어 기분 좋았어요.',1691731388,40,NULL),(149,2,'악기 커뮤니티 소식','이번 달 악기 커뮤니티에서 열리는 이벤트와 소식을 알려드립니다.',1691731388,1500,NULL),(150,3,'내가 좋아하는 악기','저는 기타를 좋아하고 연주하는 것을 즐깁니다. 여러분은 어떤 악기를 좋아하나요?',1691817800,820,NULL),(151,4,'피아노 고수 되는 법','피아노를 처음 시작한 지 얼마 안 됐지만, 고수가 되려면 어떤 노력이 필요할까요? 조언 부탁드립니다.',1691817800,121,NULL),(152,5,'음악 공연 후기','어제 열린 악기 연주 음악회에 다녀왔습니다. 연주자들의 뛰어난 실력에 감동받았어요.',1691817800,480,NULL),(153,6,'악기 관련 질문','드럼을 시작하려고 하는데, 어떤 드럼 종류부터 공부해야 할까요? 조언 부탁드립니다.',1691817800,62,NULL),(154,7,'음악 스쿨 추천','악기 연주를 더욱 향상시키고 싶은데, 좋은 음악 스쿨을 아시는 분 계신가요?',1691817800,2301,NULL),(155,8,'새로운 악기 도전','지금까지 해보지 않았던 악기에 도전하려고 합니다. 여러분의 의견이 궁금합니다!',1691817800,430,NULL),(156,9,'기타 코드 공유','오늘 연습한 기타 코드를 공유합니다. 같이 연주하실 분?',1691817800,71,NULL),(157,10,'작곡에 대한 고민','작곡을 시작했는데 멋진 멜로디가 떠오르지 않습니다. 작곡 팁이나 아이디어를 공유해주세요!',1691817800,980,NULL),(158,11,'오랜만의 연습','바쁜 일상 끝에 오랜만에 악기를 연습했습니다. 조금 서툴더라도 연주하는 즐거움을 느낄 수 있어 기분 좋았어요.',1691817800,40,NULL),(159,12,'음악 친구 구해요','같이 음악 활동을 할 친구를 찾고 있습니다. 함께 연주하고 나눌 사람 모집합니다!',1691817800,180,NULL),(160,13,'음악 강연 후기','어제 열린 음악 강연에서 배운 점들을 공유하려고 합니다. 음악에 대한 새로운 시각을 얻을 수 있었어요.',1691904207,521,NULL),(161,14,'피아노 연습법','피아노 연습법에 대해 자문해주세요. 효과적인 연습 방법을 찾고 있습니다.',1691904207,240,NULL),(162,15,'악기 선물 고르기','친구에게 생일 선물로 악기를 주려고 합니다. 어떤 악기가 좋을지 고민 중입니다.',1691904207,620,NULL),(163,16,'음악 이론 공부','음악 이론을 공부하는 중인데, 음계와 화음에 대해 궁금한 점이 많습니다.',1691904207,1900,NULL),(164,17,'밴드 멤버 모집','신나는 음악을 함께 연주할 밴드 멤버를 모집합니다. 함께 멋진 공연을 준비해봐요!',1691904207,151,NULL),(165,18,'음악 인스타그램 시작','제 음악 연주를 공유하기 위해 인스타그램 계정을 만들었습니다. 팔로우해주세요!',1691904207,323,NULL),(166,19,'악기 수리 공유','악기가 고장나서 수리를 했습니다. 수리 경험을 공유하려고 합니다.',1691904207,91,NULL),(167,20,'음악을 통한 소통','음악을 통해 다양한 사람들과 소통하고 싶습니다. 여러분의 소중한 이야기를 들려주세요!',1691904207,770,NULL),(168,20,'악기 커뮤니티 소식','이번 달 악기 커뮤니티에서 열리는 이벤트와 소식을 알려드립니다.',1691904207,1500,NULL),(169,21,'내가 좋아하는 악기','저는 기타를 좋아하고 연주하는 것을 즐깁니다. 여러분은 어떤 악기를 좋아하나요?',1691904207,820,NULL),(170,22,'피아노 고수 되는 법','피아노를 처음 시작한 지 얼마 안 됐지만, 고수가 되려면 어떤 노력이 필요할까요? 조언 부탁드립니다.',1691904218,120,NULL),(171,23,'음악 공연 후기','어제 열린 악기 연주 음악회에 다녀왔습니다. 연주자들의 뛰어난 실력에 감동받았어요.',1691904218,480,NULL),(172,24,'악기 관련 질문','드럼을 시작하려고 하는데, 어떤 드럼 종류부터 공부해야 할까요? 조언 부탁드립니다.',1691904218,60,NULL),(173,25,'음악 스쿨 추천','악기 연주를 더욱 향상시키고 싶은데, 좋은 음악 스쿨을 아시는 분 계신가요?',1691904218,2301,NULL),(174,26,'새로운 악기 도전','지금까지 해보지 않았던 악기에 도전하려고 합니다. 여러분의 의견이 궁금합니다!',1691904218,430,NULL),(175,27,'기타 코드 공유','오늘 연습한 기타 코드를 공유합니다. 같이 연주하실 분?',1691904218,71,NULL),(176,28,'작곡에 대한 고민','작곡을 시작했는데 멋진 멜로디가 떠오르지 않습니다. 작곡 팁이나 아이디어를 공유해주세요!',1691904218,981,NULL),(177,29,'오랜만의 연습','바쁜 일상 끝에 오랜만에 악기를 연습했습니다. 조금 서툴더라도 연주하는 즐거움을 느낄 수 있어 기분 좋았어요.',1691904218,40,NULL),(178,2,'악기 커뮤니티 소식','이번 달 악기 커뮤니티에서 열리는 이벤트와 소식을 알려드립니다.',1691904218,1500,NULL),(179,3,'내가 좋아하는 악기','저는 기타를 좋아하고 연주하는 것을 즐깁니다. 여러분은 어떤 악기를 좋아하나요?',1691904218,820,NULL),(180,4,'피아노 고수 되는 법','피아노를 처음 시작한 지 얼마 안 됐지만, 고수가 되려면 어떤 노력이 필요할까요? 조언 부탁드립니다.',1691904218,121,NULL),(181,5,'음악 공연 후기','어제 열린 악기 연주 음악회에 다녀왔습니다. 연주자들의 뛰어난 실력에 감동받았어요.',1691904218,481,NULL),(182,6,'악기 관련 질문','드럼을 시작하려고 하는데, 어떤 드럼 종류부터 공부해야 할까요? 조언 부탁드립니다.',1691904218,60,NULL),(183,7,'음악 스쿨 추천','악기 연주를 더욱 향상시키고 싶은데, 좋은 음악 스쿨을 아시는 분 계신가요?',1691904218,2301,NULL),(184,8,'새로운 악기 도전','지금까지 해보지 않았던 악기에 도전하려고 합니다. 여러분의 의견이 궁금합니다!',1691904218,430,NULL),(185,9,'기타 코드 공유','오늘 연습한 기타 코드를 공유합니다. 같이 연주하실 분?',1691904218,70,NULL),(186,10,'작곡에 대한 고민','작곡을 시작했는데 멋진 멜로디가 떠오르지 않습니다. 작곡 팁이나 아이디어를 공유해주세요!',1691904218,980,NULL),(187,11,'오랜만의 연습','바쁜 일상 끝에 오랜만에 악기를 연습했습니다. 조금 서툴더라도 연주하는 즐거움을 느낄 수 있어 기분 좋았어요.',1691904218,40,NULL),(188,12,'음악 친구 구해요','같이 음악 활동을 할 친구를 찾고 있습니다. 함께 연주하고 나눌 사람 모집합니다!',1691904218,180,NULL),(189,13,'음악 강연 후기','어제 열린 음악 강연에서 배운 점들을 공유하려고 합니다. 음악에 대한 새로운 시각을 얻을 수 있었어요.',1691904218,520,NULL),(190,14,'피아노 연습법','피아노 연습법에 대해 자문해주세요. 효과적인 연습 방법을 찾고 있습니다.',1691990627,240,NULL),(191,15,'악기 선물 고르기','친구에게 생일 선물로 악기를 주려고 합니다. 어떤 악기가 좋을지 고민 중입니다.',1691990627,620,NULL),(192,16,'음악 이론 공부','음악 이론을 공부하는 중인데, 음계와 화음에 대해 궁금한 점이 많습니다.',1691990627,1900,NULL),(193,17,'밴드 멤버 모집','신나는 음악을 함께 연주할 밴드 멤버를 모집합니다. 함께 멋진 공연을 준비해봐요!',1691990627,152,NULL),(194,18,'음악 인스타그램 시작','제 음악 연주를 공유하기 위해 인스타그램 계정을 만들었습니다. 팔로우해주세요!',1691990627,320,NULL),(195,19,'악기 수리 공유','악기가 고장나서 수리를 했습니다. 수리 경험을 공유하려고 합니다.',1691990627,91,NULL),(196,20,'음악을 통한 소통','음악을 통해 다양한 사람들과 소통하고 싶습니다. 여러분의 소중한 이야기를 들려주세요!',1691990627,770,NULL),(197,20,'악기 커뮤니티 소식','이번 달 악기 커뮤니티에서 열리는 이벤트와 소식을 알려드립니다.',1691990627,1500,NULL),(198,21,'내가 좋아하는 악기','저는 기타를 좋아하고 연주하는 것을 즐깁니다. 여러분은 어떤 악기를 좋아하나요?',1691990627,820,NULL),(199,22,'피아노 고수 되는 법','피아노를 처음 시작한 지 얼마 안 됐지만, 고수가 되려면 어떤 노력이 필요할까요? 조언 부탁드립니다.',1691990627,120,NULL),(200,23,'음악 공연 후기','어제 열린 악기 연주 음악회에 다녀왔습니다. 연주자들의 뛰어난 실력에 감동받았어요.',1691990627,480,NULL),(201,24,'악기 관련 질문','드럼을 시작하려고 하는데, 어떤 드럼 종류부터 공부해야 할까요? 조언 부탁드립니다.',1691990627,60,NULL),(202,25,'음악 스쿨 추천','악기 연주를 더욱 향상시키고 싶은데, 좋은 음악 스쿨을 아시는 분 계신가요?',1691990627,2300,NULL),(203,26,'새로운 악기 도전','지금까지 해보지 않았던 악기에 도전하려고 합니다. 여러분의 의견이 궁금합니다!',1691990627,430,NULL),(204,27,'기타 코드 공유','오늘 연습한 기타 코드를 공유합니다. 같이 연주하실 분?',1691990627,70,NULL),(205,28,'작곡에 대한 고민','작곡을 시작했는데 멋진 멜로디가 떠오르지 않습니다. 작곡 팁이나 아이디어를 공유해주세요!',1691990627,980,NULL),(206,29,'오랜만의 연습','바쁜 일상 끝에 오랜만에 악기를 연습했습니다. 조금 서툴더라도 연주하는 즐거움을 느낄 수 있어 기분 좋았어요.',1691990627,41,NULL),(207,2,'악기 커뮤니티 소식','이번 달 악기 커뮤니티에서 열리는 이벤트와 소식을 알려드립니다.',1691990627,1500,NULL),(208,3,'내가 좋아하는 악기','저는 기타를 좋아하고 연주하는 것을 즐깁니다. 여러분은 어떤 악기를 좋아하나요?',1691990627,820,NULL),(209,4,'피아노 고수 되는 법','피아노를 처음 시작한 지 얼마 안 됐지만, 고수가 되려면 어떤 노력이 필요할까요? 조언 부탁드립니다.',1691990627,120,NULL),(210,5,'음악 공연 후기','어제 열린 악기 연주 음악회에 다녀왔습니다. 연주자들의 뛰어난 실력에 감동받았어요.',1692077039,480,NULL),(211,6,'악기 관련 질문','드럼을 시작하려고 하는데, 어떤 드럼 종류부터 공부해야 할까요? 조언 부탁드립니다.',1692077039,60,NULL),(212,7,'음악 스쿨 추천','악기 연주를 더욱 향상시키고 싶은데, 좋은 음악 스쿨을 아시는 분 계신가요?',1692077039,2301,NULL),(213,8,'새로운 악기 도전','지금까지 해보지 않았던 악기에 도전하려고 합니다. 여러분의 의견이 궁금합니다!',1692077039,430,NULL),(214,9,'기타 코드 공유','오늘 연습한 기타 코드를 공유합니다. 같이 연주하실 분?',1692077039,70,NULL),(215,10,'작곡에 대한 고민','작곡을 시작했는데 멋진 멜로디가 떠오르지 않습니다. 작곡 팁이나 아이디어를 공유해주세요!',1692077039,980,NULL),(216,11,'오랜만의 연습','바쁜 일상 끝에 오랜만에 악기를 연습했습니다. 조금 서툴더라도 연주하는 즐거움을 느낄 수 있어 기분 좋았어요.',1692077039,40,NULL),(217,12,'음악 친구 구해요','같이 음악 활동을 할 친구를 찾고 있습니다. 함께 연주하고 나눌 사람 모집합니다!',1692077039,181,NULL),(218,13,'음악 강연 후기','어제 열린 음악 강연에서 배운 점들을 공유하려고 합니다. 음악에 대한 새로운 시각을 얻을 수 있었어요.',1692077039,520,NULL),(219,14,'피아노 연습법','피아노 연습법에 대해 자문해주세요. 효과적인 연습 방법을 찾고 있습니다.',1692077039,240,NULL),(220,15,'악기 선물 고르기','친구에게 생일 선물로 악기를 주려고 합니다. 어떤 악기가 좋을지 고민 중입니다.',1692077039,620,NULL),(221,16,'음악 이론 공부','음악 이론을 공부하는 중인데, 음계와 화음에 대해 궁금한 점이 많습니다.',1692077039,1900,NULL),(222,17,'밴드 멤버 모집','신나는 음악을 함께 연주할 밴드 멤버를 모집합니다. 함께 멋진 공연을 준비해봐요!',1692077039,150,NULL),(223,18,'음악 인스타그램 시작','제 음악 연주를 공유하기 위해 인스타그램 계정을 만들었습니다. 팔로우해주세요!',1692077039,320,NULL),(224,19,'악기 수리 공유','악기가 고장나서 수리를 했습니다. 수리 경험을 공유하려고 합니다.',1692077039,95,NULL),(225,20,'음악을 통한 소통','음악을 통해 다양한 사람들과 소통하고 싶습니다. 여러분의 소중한 이야기를 들려주세요!',1692077039,771,NULL),(226,20,'악기 커뮤니티 소식','이번 달 악기 커뮤니티에서 열리는 이벤트와 소식을 알려드립니다.',1692077039,1503,NULL),(227,21,'내가 좋아하는 악기','저는 기타를 좋아하고 연주하는 것을 즐깁니다. 여러분은 어떤 악기를 좋아하나요?',1692077039,824,NULL),(228,22,'피아노 고수 되는 법','피아노를 처음 시작한 지 얼마 안 됐지만, 고수가 되려면 어떤 노력이 필요할까요? 조언 부탁드립니다.',1692077039,123,NULL),(229,23,'음악 공연 후기','어제 열린 악기 연주 음악회에 다녀왔습니다. 연주자들의 뛰어난 실력에 감동받았어요.',1692077039,482,NULL),(230,24,'악기 관련 질문','드럼을 시작하려고 하는데, 어떤 드럼 종류부터 공부해야 할까요? 조언 부탁드립니다.',1692077039,65,NULL),(231,25,'음악 스쿨 추천','악기 연주를 더욱 향상시키고 싶은데, 좋은 음악 스쿨을 아시는 분 계신가요?',1692077039,2303,NULL),(232,26,'새로운 악기 도전','지금까지 해보지 않았던 악기에 도전하려고 합니다. 여러분의 의견이 궁금합니다!',1692077039,438,NULL),(233,27,'기타 코드 공유','오늘 연습한 기타 코드를 공유합니다. 같이 연주하실 분?',1692077039,82,NULL),(234,28,'작곡에 대한 고민','작곡을 시작했는데 멋진 멜로디가 떠오르지 않습니다. 작곡 팁이나 아이디어를 공유해주세요!',1692077039,986,NULL),(235,29,'오랜만의 연습','바쁜 일상 끝에 오랜만에 악기를 연습했습니다. 조금 서툴더라도 연주하는 즐거움을 느낄 수 있어 기분 좋았어요.',1692077039,48,NULL),(236,39,'에스파 카리나에요','제 강의를 먼저 받으러 오시는 분들 중에 추첨을 통해  윈터 싸인을 드려요',1692174217,12,NULL),(237,19,'하이하이','악기 꿀팁 드립니다',1692174336,10,NULL),(238,21,'테스트ㄹㅇㅎ','테스트ㅎㄹㅇ',1692174662,36,1692236677),(239,40,'cake','잇지 신곡 홍보 나왔어요 ',1692174803,7,NULL),(240,42,'전역했어요','50m 100m   만발쏘고 전역했어요',1692175727,7,NULL),(241,38,'안녕하세요','새로 가입햇습니다 잘부탁드려요~\n',1692175987,14,NULL),(242,21,'asdfaffefwef','asdfffwefewf',1692191238,25,1692191520),(243,21,'ffwfw','eee',1692191532,3,1692191560),(244,21,'grgrg조','rgrgrgㅎㅎㅎ',1692191565,13,1692192432),(245,21,'ㄹㄹㅎㄷㄱㅎㅈㅎ','ㄹㄹ',1692191647,19,1692192430),(246,21,'wf','wf',1692192528,2,1692192543),(247,38,'asdf','asdf',1692192619,3,1692192645),(248,21,'wfe','wef',1692192638,2,1692192641),(249,21,'리리리리ㄹㄹㅂㅈㄷㄱ','디디디디ㄹㄹㅂㅈㄷㄱ',1692192660,7,1692192671),(250,21,'ㄼㄷㅈ','ㅈㄷㅂㄹ',1692192674,38,1692236673),(251,38,'저녁 시간에도 다들 바쁘시군요','껄껄ㅇㅇ',1692192707,11,1692196073),(252,47,'게시글 작성합니다.','새로고침 해야합니까?',1692192779,18,NULL),(253,21,'ㅗ','ㅗㅗ',1692193404,2,1692193408),(254,38,'글 작성 한 번 해보겠습ㄴ디ㅏ.','ㅁㄴㅇㄹ',1692193591,2,1692193601),(255,38,'글작성 ㅇㅇ','ㅇㅇㅇ',1692193611,2,1692193898),(256,38,'ㅇㅇ','ㅇㅇ',1692193826,3,1692193861),(257,38,'ㅇㅇ','ㅇㅇ',1692193963,2,1692193966),(258,38,'ㅇㅇ','ㅇㅇ',1692194001,2,1692194006),(259,38,'ㅇㄴㅇ','ㅇㅇ',1692194020,2,1692194034),(260,38,'ㅇㅇ','ㅇㅇ',1692194030,1,1692194031),(261,38,'ㅁㄴㅇㄹ','ㅁㄴㅇㄹ',1692194243,2,1692195296),(262,38,'ㅁㄴㅇㄹ','ㅁㄴㅇㄹ',1692194352,2,1692194368),(263,38,'ㅁㄴㅇㄹ','ㅁㄴㅇㄹ',1692194364,2,1692194373),(264,38,'dasf','asdf',1692195293,2,1692195361),(265,38,'asdf','asdfasdf',1692195368,6,1692195379),(266,38,'작성','작성작성\n',1692195453,3,1692195504),(267,38,'ㅁㄴㅇㄹ','ㅁㄴㅇㄹ',1692196036,3,1692196068),(268,19,'오늘의 날씨 안내드립니다','맑음',1692227639,5,NULL),(269,23,'기타를 배우면서','항상 좋았습니다.',1692227679,32,NULL),(270,24,'저희 학원만의 강점','누구보다 빠르게 남들과는 다르게 색다르게',1692227720,20,NULL),(271,26,'음악이라는 것은','어쩌면 마음의 소리로 듣는것',1692227761,28,NULL),(272,38,'아침에 들을 노래 추천해주세요','클래식 좋아합니다. ',1692229452,9,NULL),(273,19,'아침에 듣기 좋은 음악 추천드립니다.','둥근해가 떴습니다. ',1692229557,12,NULL),(274,21,'ㄹㄹ','ㄹㄹ',1692232457,6,1692232472),(275,31,'오늘의 코딩송 추천','그 뭐더라 일본노래인데 엄청 힘빠지는 노래 있는데\n\n아니 진짜 들으면 힘이 쫙 빠진다니까?\n\n진짜 못들어봤어?\n\n일본 유명 남자가수라 치면 나오나\n\n(타닥타닥) 일본 남자 가수... 일본 유명... 들으면 힘빠지는...\n\n백린? 백린맞나?\n\n어? 이건가?\n\n아 이런느낌 아닌데...\n\n어 이거다!!',1692236475,22,NULL),(276,70,'안녕하세요 써머입니다','기타 드럼 다 가능하고 베이스도 됩니다.\n\n밴드 하시고 싶으신분들은 용병으로 불러주세요~',1692237889,9,NULL),(277,76,'카리나와 식사권은 없나요?','추가좀..',1692247212,21,NULL),(278,75,'여러분','미소의 반댓말이 뭔지 아시나요?\n.\n.\n.\n.\n.\n.\n.\n.\n.\n.\n.\n.\n.\n.\n.\n.\n.\n.\n.\n.\n.\n.\n.\n.\n.\n.\n\n.\n.\n.\n.\n.\n.\n.\n.\n.\n.\n.\n.\n.\n.\n.\n.\n.\n.\n.\n.\n.\n.\n.\n.\n.\n.\n.\n.\n당기소입니다~ 푸하하~~~',1692247321,10,1692249550),(279,74,'자유게시글 작성','자유게시글 작성\n\n합니다.',1692247923,4,1692249550),(280,77,'아싸라비아','아싸라비아33',1692248520,4,1692248538),(281,77,'ㅇㅇ','ㅇㅇ',1692248548,6,1692249550),(282,78,'娥','＠',1692248822,19,1692249550),(283,77,'안녕핫에ㅛ.ㅇㄴㄹㅇㅇㅇㅇㅇㅇㅇㅇㅇㅇㅇㅇㅇㅇㅇㅇㅇㅇㅇㅇㅇㅇㅇㅇㅇㅇㅇㅇㅇㅇㅇㅇㅇㅇㅇㅇㅇㅇㅇㅇㅇ','안녕핫에ㅛ.안녕핫에ㅛ.안녕핫에ㅛ.안녕핫에ㅛ.안녕핫에ㅛ.안녕핫에ㅛ.안녕핫에ㅛ.안녕핫에ㅛ.안녕핫에ㅛ.안녕핫에ㅛ.안녕핫에ㅛ.안녕핫에ㅛ.안녕핫에ㅛ.안녕핫에ㅛ.안녕핫에ㅛ.안녕핫에ㅛ.안녕핫에ㅛ.안녕핫에ㅛ.안녕핫에ㅛ.안녕핫에ㅛ.안녕핫에ㅛ.안녕핫에ㅛ.안녕핫에ㅛ.안녕핫에ㅛ.안녕핫에ㅛ.안녕핫에ㅛ.안녕핫에ㅛ.안녕핫에ㅛ.안녕핫에ㅛ.안녕핫에ㅛ.안녕핫에ㅛ.안녕핫에ㅛ.안녕핫에ㅛ.안녕핫에ㅛ.안녕핫에ㅛ.안녕핫에ㅛ.안녕핫에ㅛ.안녕핫에ㅛ.안녕핫에ㅛ.안녕핫에ㅛ.안녕핫에ㅛ.안녕핫에ㅛ.안녕핫에ㅛ.안녕핫에ㅛ.안녕핫에ㅛ.안녕핫에ㅛ.안녕핫에ㅛ.안녕핫에ㅛ.안녕핫에ㅛ.안녕핫에ㅛ.안녕핫에ㅛ.안녕핫에ㅛ.안녕핫에ㅛ.안녕핫에ㅛ.안녕핫에ㅛ.안녕핫에ㅛ.안녕핫에ㅛ.안녕핫에ㅛ.안녕핫에ㅛ.안녕핫에ㅛ.안녕핫에ㅛ.안녕핫에ㅛ.안녕핫에ㅛ.안녕핫에ㅛ.안녕핫에ㅛ.안녕핫에ㅛ.안녕핫에ㅛ.안녕핫에ㅛ.안녕핫에ㅛ.안녕핫에ㅛ.안녕핫에ㅛ.안녕핫에ㅛ.안녕핫에ㅛ.안녕핫에ㅛ.안녕핫에ㅛ.안녕핫에ㅛ.안녕핫에ㅛ.안녕핫에ㅛ.안녕핫에ㅛ.안녕핫에ㅛ.안녕핫에ㅛ.안녕핫에ㅛ.안녕핫에ㅛ.안녕핫에ㅛ.안녕핫에ㅛ.안녕핫에ㅛ.안녕핫에ㅛ.안녕핫에ㅛ.안녕핫에ㅛ.안녕핫에ㅛ.안녕핫에ㅛ.안녕핫에ㅛ.안녕핫에ㅛ.안녕핫에ㅛ.안녕핫에ㅛ.안녕핫에ㅛ.안녕핫에ㅛ.안녕핫에ㅛ.안녕핫에ㅛ.안녕핫에ㅛ.안녕핫에ㅛ.안녕핫에ㅛ.안녕핫에ㅛ.안녕핫에ㅛ.안녕핫에ㅛ.안녕핫에ㅛ.안녕핫에ㅛ.안녕핫에ㅛ.안녕핫에ㅛ.안녕핫에ㅛ.안녕핫에ㅛ.안녕핫에ㅛ.안녕핫에ㅛ.안녕핫에ㅛ.안녕핫에ㅛ.안녕핫에ㅛ.안녕핫에ㅛ.안녕핫에ㅛ.안녕핫에ㅛ.안녕핫에ㅛ.안녕핫에ㅛ.안녕핫에ㅛ.안녕핫에ㅛ.안녕핫에ㅛ.안녕핫에ㅛ.안녕핫에ㅛ.안녕핫에ㅛ.안녕핫에ㅛ.안녕핫에ㅛ.안녕핫에ㅛ.안녕핫에ㅛ.안녕핫에ㅛ.안녕핫에ㅛ.안녕핫에ㅛ.안녕핫에ㅛ.안녕핫에ㅛ.안녕핫에ㅛ.안녕핫에ㅛ.안녕핫에ㅛ.안녕핫에ㅛ.안녕핫에ㅛ.안녕핫에ㅛ.안녕핫에ㅛ.안녕핫에ㅛ.안녕핫에ㅛ.안녕핫에ㅛ.안녕핫에ㅛ.안녕핫에ㅛ.안녕핫에ㅛ.안녕핫에ㅛ.안녕핫에ㅛ.안녕핫에ㅛ.안녕핫에ㅛ.안녕핫에ㅛ.안녕핫에ㅛ.안녕핫에ㅛ.안녕핫에ㅛ.안녕핫에ㅛ.안녕핫에ㅛ.안녕핫에ㅛ.안녕핫에ㅛ.안녕핫에ㅛ.안녕핫에ㅛ.안녕핫에ㅛ.안녕핫에ㅛ.안녕핫에ㅛ.안녕핫에ㅛ.안녕핫에ㅛ.안녕핫에ㅛ.안녕핫에ㅛ.안녕핫에ㅛ.안녕핫에ㅛ.안녕핫에ㅛ.안녕핫에ㅛ.안녕핫에ㅛ.안녕핫에ㅛ.안녕핫에ㅛ.안녕핫에ㅛ.안녕핫에ㅛ.안녕핫에ㅛ.안녕핫에ㅛ.안녕핫에ㅛ.안녕핫에ㅛ.안녕핫에ㅛ.안녕핫에ㅛ.안녕핫에ㅛ.안녕핫에ㅛ.안녕핫에ㅛ.안녕핫에ㅛ.안녕핫에ㅛ.안녕핫에ㅛ.안녕핫에ㅛ.안녕핫에ㅛ.안녕핫에ㅛ.안녕핫에ㅛ.안녕핫에ㅛ.안녕핫에ㅛ.안녕핫에ㅛ.안녕핫에ㅛ.안녕핫에ㅛ.안녕핫에ㅛ.안녕핫에ㅛ.안녕핫에ㅛ.안녕핫에ㅛ.안녕핫에ㅛ.안녕핫에ㅛ.안녕핫에ㅛ.안녕핫에ㅛ.안녕핫에ㅛ.안녕핫에ㅛ.안녕핫에ㅛ.안녕핫에ㅛ.안녕핫에ㅛ.안녕핫에ㅛ.안녕핫에ㅛ.안녕핫에ㅛ.안녕핫에ㅛ.안녕핫에ㅛ.안녕핫에ㅛ.안녕핫에ㅛ.안녕핫에ㅛ.안녕핫에ㅛ.안녕핫에ㅛ.안녕핫에ㅛ.안녕핫에ㅛ.안녕핫에ㅛ.안녕핫에ㅛ.안녕핫에ㅛ.안녕핫에ㅛ.안녕핫에ㅛ.안녕핫에ㅛ.안녕핫에ㅛ.안녕핫에ㅛ.안녕핫에ㅛ.안녕핫에ㅛ.안녕핫에ㅛ.안녕핫에ㅛ.안녕핫에ㅛ.안녕핫에ㅛ.안녕핫에ㅛ.안녕핫에ㅛ.안녕핫에ㅛ.안녕핫에ㅛ.안녕핫에ㅛ.안녕핫에ㅛ.안녕핫에ㅛ.안녕핫에ㅛ.안녕핫에ㅛ.안녕핫에ㅛ.안녕핫에ㅛ.안녕핫에ㅛ.안녕핫에ㅛ.안녕핫에ㅛ.안녕핫에ㅛ.안녕핫에ㅛ.안녕핫에ㅛ.안녕핫에ㅛ.안녕핫에ㅛ.안녕핫에ㅛ.안녕핫에ㅛ.안녕핫에ㅛ.안녕핫에ㅛ.안녕핫에ㅛ.안녕핫에ㅛ.안녕핫에ㅛ.안녕핫에ㅛ.안녕핫에ㅛ.안녕핫에ㅛ.안녕핫에ㅛ.안녕핫에ㅛ.안녕핫에ㅛ.안녕핫에ㅛ.안녕핫에ㅛ.안녕핫에ㅛ.안녕핫에ㅛ.안녕핫에ㅛ.안녕핫에ㅛ.안녕핫에ㅛ.안녕핫에ㅛ.안녕핫에ㅛ.안녕핫에ㅛ.안녕핫에ㅛ.안녕핫에ㅛ.안녕핫에ㅛ.안녕핫에ㅛ.안녕핫에ㅛ.안녕핫에ㅛ.안녕핫에ㅛ.안녕핫에ㅛ.안녕핫에ㅛ.안녕핫에ㅛ.안녕핫에ㅛ.안녕핫에ㅛ.안녕핫에ㅛ.안녕핫에ㅛ.안녕핫에ㅛ.안녕핫에ㅛ.안녕핫에ㅛ.안녕핫에ㅛ.안녕핫에ㅛ.안녕핫에ㅛ.안녕핫에ㅛ.안녕핫에ㅛ.안녕핫에ㅛ.안녕핫에ㅛ.안녕핫에ㅛ.안녕핫에ㅛ.안녕핫에ㅛ.안녕핫에ㅛ.안녕핫에ㅛ.안녕핫에ㅛ.안녕핫에ㅛ.안녕핫에ㅛ.안녕핫에ㅛ.안녕핫에ㅛ.안녕핫에ㅛ.안녕핫에ㅛ.안녕핫에ㅛ.안녕핫에ㅛ.안녕핫에ㅛ.안녕핫에ㅛ.안녕핫에ㅛ.안녕핫에ㅛ.안녕핫에ㅛ.안녕핫에ㅛ.안녕핫에ㅛ.안녕핫에ㅛ.안녕핫에ㅛ.안녕핫에ㅛ.안녕핫에ㅛ.안녕핫에ㅛ.안녕핫에ㅛ.안녕핫에ㅛ.안녕핫에ㅛ.안녕핫에ㅛ.안녕핫에ㅛ.안녕핫에ㅛ.안녕핫에ㅛ.안녕핫에ㅛ.안녕핫에ㅛ.안녕핫에ㅛ.안녕핫에ㅛ.안녕핫에ㅛ.안녕핫에ㅛ.안녕핫에ㅛ.안녕핫에ㅛ.안녕핫에ㅛ.안녕핫에ㅛ.안녕핫에ㅛ.안녕핫에ㅛ.안녕핫에ㅛ.안녕핫에ㅛ.안녕핫에ㅛ.안녕핫에ㅛ.안녕핫에ㅛ.안녕핫에ㅛ.안녕핫에ㅛ.안녕핫에ㅛ.안녕핫에ㅛ.안녕핫에ㅛ.안녕핫에ㅛ.안녕핫에ㅛ.안녕핫에ㅛ.안녕핫에ㅛ.안녕핫에ㅛ.안녕핫에ㅛ.안녕핫에ㅛ.안녕핫에ㅛ.안녕핫에ㅛ.안녕핫에ㅛ.안녕핫에ㅛ.안녕핫에ㅛ.안녕핫에ㅛ.안녕핫에ㅛ.안녕핫에ㅛ.안녕핫에ㅛ.안녕핫에ㅛ.안녕핫에ㅛ.안녕핫에ㅛ.안녕핫에ㅛ.안녕핫에ㅛ.안녕핫에ㅛ.안녕핫에ㅛ.안녕핫에ㅛ.안녕핫에ㅛ.안녕핫에ㅛ.안녕핫에ㅛ.안녕핫에ㅛ.안녕핫에ㅛ.안녕핫에ㅛ.안녕핫에ㅛ.안녕핫에ㅛ.안녕핫에ㅛ.안녕핫에ㅛ.안녕핫에ㅛ.안녕핫에ㅛ.안녕핫에ㅛ.안녕핫에ㅛ.안녕핫에ㅛ.안녕핫에ㅛ.안녕핫에ㅛ.안녕핫에ㅛ.안녕핫에ㅛ.안녕핫에ㅛ.안녕핫에ㅛ.안녕핫에ㅛ.안녕핫에ㅛ.안녕핫에ㅛ.안녕핫에ㅛ.안녕핫에ㅛ.안녕핫에ㅛ.안녕핫에ㅛ.안녕핫에ㅛ.안녕핫에ㅛ.안녕핫에ㅛ.안녕핫에ㅛ.안녕핫에ㅛ.안녕핫에ㅛ.안녕핫에ㅛ.안녕핫에ㅛ.안녕핫에ㅛ.안녕핫에ㅛ.안녕핫에ㅛ.안녕핫에ㅛ.안녕핫에ㅛ.안녕핫에ㅛ.안녕핫에ㅛ.안녕핫에ㅛ.안녕핫에ㅛ.안녕핫에ㅛ.안녕핫에ㅛ.안녕핫에ㅛ.안녕핫에ㅛ.안녕핫에ㅛ.안녕핫에ㅛ.안녕핫에ㅛ.안녕핫에ㅛ.안녕핫에ㅛ.안녕핫에ㅛ.안녕핫에ㅛ.안녕핫에ㅛ.안녕핫에ㅛ.안녕핫에ㅛ.안녕핫에ㅛ.안녕핫에ㅛ.안녕핫에ㅛ.안녕핫에ㅛ.안녕핫에ㅛ.안녕핫에ㅛ.안녕핫에ㅛ.안녕핫에ㅛ.안녕핫에ㅛ.안녕핫에ㅛ.안녕핫에ㅛ.안녕핫에ㅛ.안녕핫에ㅛ.안녕핫에ㅛ.안녕핫에ㅛ.안녕핫에ㅛ.안녕핫에ㅛ.안녕핫에ㅛ.안녕핫에ㅛ.안녕핫에ㅛ.안녕핫에ㅛ.안녕핫에ㅛ.안녕핫에ㅛ.안녕핫에ㅛ.안녕핫에ㅛ.안녕핫에ㅛ.안녕핫에ㅛ.안녕핫에ㅛ.안녕핫에ㅛ.안녕핫에ㅛ.안녕핫에ㅛ.안녕핫에ㅛ.안녕핫에ㅛ.안녕핫에ㅛ.안녕핫에ㅛ.안녕핫에ㅛ.안녕핫에ㅛ.안녕핫에ㅛ.안녕핫에ㅛ.안녕핫에ㅛ.안녕핫에ㅛ.안녕핫에ㅛ.안녕핫에ㅛ.안녕핫에ㅛ.안녕핫에ㅛ.안녕핫에ㅛ.안녕핫에ㅛ.안녕핫에ㅛ.안녕핫에ㅛ.안녕핫에ㅛ.안녕핫에ㅛ.안녕핫에ㅛ.안녕핫에ㅛ.안녕핫에ㅛ.안녕핫에ㅛ.안녕핫에ㅛ.안녕핫에ㅛ.안녕핫에ㅛ.안녕핫에ㅛ.안녕핫에ㅛ.안녕핫에ㅛ.안녕핫에ㅛ.안녕핫에ㅛ.안녕핫에ㅛ.안녕핫에ㅛ.안녕핫에ㅛ.안녕핫에ㅛ.안녕핫에ㅛ.안녕핫에ㅛ.안녕핫에ㅛ.안녕핫에ㅛ.안녕핫에ㅛ.안녕핫에ㅛ.안녕핫에ㅛ.안녕핫에ㅛ.안녕핫에ㅛ.안녕핫에ㅛ.안녕핫에ㅛ.안녕핫에ㅛ.안녕핫에ㅛ.안녕핫에ㅛ.안녕핫에ㅛ.안녕핫에ㅛ.안녕핫에ㅛ.안녕핫에ㅛ.안녕핫에ㅛ.안녕핫에ㅛ.안녕핫에ㅛ.안녕핫에ㅛ.안녕핫에ㅛ.안녕핫에ㅛ.안녕핫에ㅛ.안녕핫에ㅛ.안녕핫에ㅛ.안녕핫에ㅛ.안녕핫에ㅛ.안녕핫에ㅛ.안녕핫에ㅛ.안녕핫에ㅛ.안녕핫에ㅛ.안녕핫에ㅛ.안녕핫에ㅛ.안녕핫에ㅛ.안녕핫에ㅛ.안녕핫에ㅛ.안녕핫에ㅛ.안녕핫에ㅛ.안녕핫에ㅛ.안녕핫에ㅛ.안녕핫에ㅛ.안녕핫에ㅛ.안녕핫에ㅛ.안녕핫에ㅛ.안녕핫에ㅛ.안녕핫에ㅛ.안녕핫에ㅛ.안녕핫에ㅛ.안녕핫에ㅛ.안녕핫에ㅛ.안녕핫에ㅛ.안녕핫에ㅛ.안녕핫에ㅛ.안녕핫에ㅛ.안녕핫에ㅛ.안녕핫에ㅛ.안녕핫에ㅛ.안녕핫에ㅛ.안녕핫에ㅛ.안녕핫에ㅛ.안녕핫에ㅛ.안녕핫에ㅛ.안녕핫에ㅛ.안녕핫에ㅛ.안녕핫에ㅛ.안녕핫에ㅛ.안녕핫에ㅛ.안녕핫에ㅛ.안녕핫에ㅛ.안녕핫에ㅛ.안녕핫에ㅛ.안녕핫에ㅛ.안녕핫에ㅛ.안녕핫에ㅛ.안녕핫에ㅛ.안녕핫에ㅛ.안녕핫에ㅛ.안녕핫에ㅛ.안녕핫에ㅛ.안녕핫에ㅛ.안녕핫에ㅛ.안녕핫에ㅛ.안녕핫에ㅛ.안녕핫에ㅛ.안녕핫에ㅛ.안녕핫에ㅛ.안녕핫에ㅛ.안녕핫에ㅛ.안녕핫에ㅛ.안녕핫에ㅛ.안녕핫에ㅛ.안녕핫에ㅛ.안녕핫에ㅛ.안녕핫에ㅛ.안녕핫에ㅛ.안녕핫에ㅛ.안녕핫에ㅛ.안녕핫에ㅛ.안녕핫에ㅛ.안녕핫에ㅛ.안녕핫에ㅛ.안녕핫에ㅛ.안녕핫에ㅛ.안녕핫에ㅛ.안녕핫에ㅛ.안녕핫에ㅛ.안녕핫에ㅛ.안녕핫에ㅛ.안녕핫에ㅛ.안녕핫에ㅛ.안녕핫에ㅛ.안녕핫에ㅛ.안녕핫에ㅛ.안녕핫에ㅛ.안녕핫에ㅛ.안녕핫에ㅛ.안녕핫에ㅛ.안녕핫에ㅛ.안녕핫에ㅛ.안녕핫에ㅛ.안녕핫에ㅛ.안녕핫에ㅛ.안녕핫에ㅛ.안녕핫에ㅛ.안녕핫에ㅛ.안녕핫에ㅛ.안녕핫에ㅛ.안녕핫에ㅛ.안녕핫에ㅛ.안녕핫에ㅛ.안녕핫에ㅛ.안녕핫에ㅛ.안녕핫에ㅛ.안녕핫에ㅛ.안녕핫에ㅛ.안녕핫에ㅛ.안녕핫에ㅛ.안녕핫에ㅛ.안녕핫에ㅛ.안녕핫에ㅛ.안녕핫에ㅛ.안녕핫에ㅛ.안녕핫에ㅛ.안녕핫에ㅛ.안녕핫에ㅛ.안녕핫에ㅛ.안녕핫에ㅛ.안녕핫에ㅛ.안녕핫에ㅛ.안녕핫에ㅛ.안녕핫에ㅛ.안녕핫에ㅛ.안녕핫에ㅛ.안녕핫에ㅛ.안녕핫에',1692249474,9,1692249550),(284,70,'aㅁㅁㅁㅁㅁㅁㅁㅁㅁㅁㅁㅁㅁㅁㅁㅁㅁㅁㅁㅁㅁㅁㅁㅁㅁㅁㅁㅁㅁㅁㅁㅁㅁㅁㅁㅁㅁㅁㅁㅁㅁㅁㅁㅁㅁㅁㅁㅁㅁ','ㅁㅁㅁㅁㅁㅁㅁㅁㅁㅁㅁㅁㅁㅁㅁㅁㅁㅁㅁㅁㅁㅁㅁㅁㅁㅁㅁㅁㅁㅁㅁㅁㅁㅁㅁㅁㅁㅁㅁㅁㅁㅁㅁㅁㅁㅁㅁㅁㅁㅁㅁㅁㅁㅁㅁㅁㅁㅁㅁㅁㅁㅁㅁㅁㅁㅁㅁㅁㅁㅁㅁㅁㅁㅁㅁㅁㅁㅁㅁㅁㅁㅁㅁㅁㅁㅁㅁㅁㅁㅁㅁㅁㅁㅁㅁㅁㅁㅁㅁㅁㅁㅁㅁㅁㅁㅁㅁㅁㅁㅁㅁㅁㅁㅁㅁㅁㅁㅁㅁㅁㅁㅁㅁㅁㅁㅁㅁㅁㅁㅁㅁㅁㅁㅁㅁㅁㅁㅁㅁㅁㅁㅁㅁㅁㅁㅁㅁㅁㅁㅁㅁㅁㅁㅁㅁㅁㅁㅁㅁㅁㅁㅁㅁㅁㅁㅁㅁㅁㅁㅁㅁㅁㅁㅁㅁㅁㅁㅁㅁㅁㅁㅁㅁㅁㅁㅁㅁㅁㅁㅁㅁㅁㅁㅁㅁㅁㅁㅁㅁㅁㅁㅁㅁㅁㅁㅁㅁㅁㅁㅁㅁㅁㅁㅁㅁㅁㅁㅁㅁㅁㅁㅁㅁㅁㅁㅁㅁㅁㅁㅁㅁㅁㅁㅁㅁㅁㅁㅁㅁㅁㅁㅁㅁㅁㅁㅁㅁㅁㅁㅁㅁㅁㅁㅁㅁㅁㅁㅁㅁㅁㅁㅁㅁㅁㅁㅁㅁㅁㅁㅁㅁㅁㅁㅁㅁㅁㅁㅁㅁㅁㅁㅁㅁㅁㅁㅁㅁㅁㅁㅁㅁㅁㅁㅁㅁㅁㅁㅁㅁㅁㅁㅁㅁㅁㅁㅁㅁㅁㅁㅁㅁㅁㅁㅁㅁㅁㅁㅁㅁㅁㅁㅁㅁㅁㅁㅁㅁㅁㅁㅁㅁㅁㅁㅁㅁㅁㅁㅁㅁㅁㅁㅁㅁㅁㅁㅁㅁㅁㅁㅁㅁㅁㅁㅁㅁㅁㅁㅁㅁㅁㅁㅁㅁㅁㅁㅁㅁㅁㅁㅁㅁㅁㅁㅁㅁㅁㅁㅁㅁㅁㅁㅁㅁㅁㅁㅁㅁㅁㅁㅁㅁㅁㅁㅁㅁㅁㅁㅁㅁㅁㅁㅁㅁㅁㅁㅁㅁㅁㅁㅁㅁㅁㅁㅁㅁㅁㅁㅁㅁㅁㅁㅁㅁㅁㅁㅁㅁㅁㅁㅁㅁㅁㅁㅁㅁㅁㅁㅁㅁㅁㅁㅁㅁㅁㅁㅁㅁㅁㅁㅁㅁㅁㅁㅁㅁㅁㅁㅁㅁㅁㅁㅁㅁㅁㅁㅁㅁㅁㅁㅁㅁㅁㅁㅁㅁㅁㅁㅁㅁㅁㅁㅁㅁㅁㅁㅁㅁㅁㅁㅁㅁㅁㅁㅁㅁㅁㅁㅁㅁㅁㅁㅁㅁㅁㅁㅁㅁㅁㅁㅁㅁㅁㅁㅁㅁㅁㅁㅁㅁㅁㅁㅁㅁㅁㅁㅁㅁㅁㅁㅁㅁㅁㅁㅁㅁㅁㅁㅁㅁㅁㅁㅁㅁㅁㅁㅁㅁㅁㅁㅁㅁㅁㅁㅁㅁㅁㅁㅁㅁㅁㅁㅁㅁㅁㅁㅁㅁㅁㅁㅁㅁㅁㅁㅁㅁㅁㅁㅁㅁㅁㅁㅁㅁㅁㅁㅁㅁㅁㅁㅁㅁㅁㅁㅁㅁㅁㅁㅁㅁㅁㅁㅁㅁㅁㅁㅁㅁㅁㅁㅁㅁㅁㅁㅁㅁㅁㅁㅁㅁㅁㅁㅁㅁㅁㅁㅁㅁㅁㅁㅁㅁㅁㅁㅁㅁㅁㅁㅁㅁㅁㅁㅁㅁㅁㅁㅁㅁㅁㅁㅁㅁㅁㅁㅁㅁㅁㅁㅁㅁㅁㅁㅁㅁㅁㅁㅁㅁㅁㅁㅁㅁㅁㅁㅁㅁㅁㅁㅁㅁㅁㅁㅁㅁㅁㅁㅁㅁㅁㅁㅁㅁㅁㅁㅁㅁㅁㅁㅁㅁㅁㅁㅁㅁㅁㅁㅁㅁㅁㅁㅁㅁㅁㅁㅁㅁㅁㅁㅁㅁㅁㅁㅁㅁㅁㅁㅁㅁㅁㅁㅁㅁㅁㅁㅁㅁㅁㅁㅁㅁㅁㅁㅁㅁㅁㅁㅁㅁㅁㅁㅁㅁㅁㅁㅁㅁㅁㅁㅁㅁㅁㅁㅁㅁㅁㅁㅁㅁㅁㅁㅁㅁㅁㅁㅁㅁㅁㅁㅁㅁㅁㅁㅁㅁㅁㅁㅁㅁㅁㅁㅁㅁㅁㅁㅁㅁㅁㅁㅁㅁㅁㅁㅁㅁㅁㅁㅁㅁㅁㅁㅁㅁㅁㅁㅁㅁㅁㅁㅁㅁㅁㅁㅁㅁㅁㅁㅁㅁㅁㅁㅁㅁㅁㅁㅁㅁㅁㅁㅁㅁㅁㅁㅁㅁㅁㅁㅁㅁㅁㅁㅁㅁㅁㅁㅁㅁㅁㅁㅁㅁㅁㅁㅁㅁㅁㅁㅁㅁㅁㅁㅁㅁㅁㅁㅁㅁㅁㅁㅁㅁㅁㅁㅁㅁㅁㅁㅁㅁㅁㅁㅁㅁㅁㅁㅁㅁㅁㅁㅁㅁㅁㅁㅁㅁㅁㅁㅁㅁㅁㅁㅁㅁㅁㅁㅁㅁㅁㅁㅁㅁㅁㅁㅁㅁㅁㅁㅁㅁㅁㅁㅁㅁㅁㅁㅁㅁㅁㅁㅁㅁㅁㅁㅁㅁㅁㅁㅁㅁㅁㅁㅁㅁㅁㅁㅁㅁㅁㅁㅁㅁㅁㅁㅁㅁㅁㅁㅁㅁㅁㅁㅁㅁㅁㅁㅁㅁㅁㅁㅁㅁㅁㅁㅁㅁㅁㅁㅁㅁㅁㅁㅁㅁㅁㅁㅁㅁㅁㅁㅁㅁㅁㅁㅁㅁㅁㅁㅁㅁㅁㅁㅁㅁㅁㅁㅁㅁㅁㅁㅁㅁㅁㅁㅁㅁㅁㅁㅁㅁㅁㅁㅁㅁㅁㅁㅁㅁㅁㅁㅁㅁㅁㅁㅁㅁㅁㅁㅁㅁㅁㅁㅁㅁㅁㅁㅁㅁㅁㅁㅁㅁㅁㅁㅁㅁㅁㅁㅁㅁㅁㅁㅁㅁㅁㅁㅁㅁㅁㅁㅁㅁㅁㅁㅁㅁㅁㅁㅁㅁㅁㅁㅁㅁㅁㅁㅁㅁㅁㅁㅁㅁㅁㅁㅁㅁㅁㅁㅁㅁㅁㅁㅁㅁㅁㅁㅁㅁㅁㅁㅁㅁㅁㅁㅁㅁㅁㅁㅁㅁㅁㅁㅁㅁㅁㅁㅁㅁㅁㅁㅁㅁㅁㅁㅁㅁㅁㅁㅁㅁㅁㅁㅁㅁㅁㅁㅁㅁㅁㅁㅁㅁㅁㅁㅁㅁㅁㅁㅁㅁㅁㅁㅁㅁㅁㅁㅁㅁㅁㅁㅁㅁㅁㅁㅁㅁㅁㅁㅁㅁㅁㅁㅁㅁㅁㅁㅁㅁㅁㅁㅁㅁㅁㅁㅁㅁㅁㅁㅁㅁㅁㅁㅁㅁㅁㅁㅁㅁㅁㅁㅁㅁㅁㅁㅁㅁㅁㅁㅁㅁㅁㅁㅁㅁㅁㅁㅁㅁㅁㅁㅁㅁㅁㅁㅁㅁㅁㅁㅁㅁㅁㅁㅁㅁㅁㅁㅁㅁㅁㅁㅁㅁㅁㅁㅁㅁㅁㅁㅁㅁㅁㅁㅁㅁㅁㅁㅁㅁㅁㅁㅁㅁㅁㅁㅁㅁㅁㅁㅁㅁㅁㅁㅁㅁㅁㅁㅁㅁㅁㅁㅁㅁㅁㅁㅁㅁㅁㅁㅁㅁㅁㅁㅁㅁㅁㅁㅁㅁㅁㅁㅁㅁㅁㅁㅁㅁㅁㅁㅁㅁㅁㅁㅁㅁㅁㅁㅁㅁㅁㅁㅁㅁㅁㅁㅁㅁㅁㅁㅁㅁㅁㅁㅁㅁㅁㅁㅁㅁㅁㅁㅁㅁㅁㅁㅁㅁㅁㅁㅁㅁㅁㅁㅁㅁㅁㅁㅁㅁㅁㅁㅁㅁㅁㅁㅁㅁㅁㅁㅁㅁㅁㅁㅁㅁㅁㅁㅁㅁㅁㅁㅁㅁㅁㅁㅁㅁㅁㅁㅁㅁㅁㅁㅁㅁㅁㅁㅁㅁㅁㅁㅁㅁㅁㅁㅁㅁㅁㅁㅁㅁㅁㅁㅁㅁㅁㅁㅁㅁㅁㅁㅁㅁㅁㅁㅁㅁㅁㅁㅁㅁㅁㅁㅁㅁㅁㅁㅁㅁㅁㅁㅁㅁㅁㅁㅁㅁㅁㅁㅁㅁㅁㅁㅁㅁㅁㅁㅁㅁㅁㅁㅁㅁㅁㅁㅁㅁㅁㅁㅁㅁㅁㅁㅁㅁㅁㅁㅁㅁㅁㅁㅁㅁㅁㅁㅁㅁㅁㅁㅁㅁㅁㅁㅁㅁㅁㅁㅁㅁㅁㅁㅁㅁㅁㅁㅁㅁㅁㅁㅁㅁㅁㅁㅁㅁㅁㅁㅁㅁㅁㅁㅁㅁㅁㅁㅁㅁㅁㅁㅁㅁㅁㅁㅁㅁㅁㅁㅁㅁㅁㅁㅁㅁㅁㅁㅁㅁㅁㅁㅁㅁㅁㅁㅁㅁㅁㅁㅁㅁㅁㅁㅁㅁㅁㅁㅁㅁㅁㅁㅁㅁㅁㅁㅁㅁㅁㅁㅁㅁㅁㅁㅁㅁㅁㅁㅁㅁㅁㅁㅁㅁㅁㅁㅁㅁㅁㅁㅁㅁㅁㅁㅁㅁㅁㅁㅁㅁㅁㅁㅁㅁㅁㅁㅁㅁㅁㅁㅁㅁㅁㅁㅁㅁㅁㅁㅁㅁㅁㅁㅁㅁㅁㅁㅁㅁㅁㅁㅁㅁㅁㅁㅁㅁㅁㅁㅁㅁㅁㅁㅁㅁㅁㅁㅁㅁㅁㅁㅁㅁㅁㅁㅁㅁㅁㅁㅁㅁㅁㅁㅁㅁㅁㅁㅁㅁㅁㅁㅁㅁㅁㅁㅁㅁㅁㅁㅁㅁㅁㅁㅁㅁㅁㅁㅁㅁㅁㅁㅁㅁㅁㅁㅁㅁㅁㅁㅁㅁㅁㅁㅁㅁㅁㅁㅁㅁㅁㅁㅁㅁㅁㅁㅁㅁㅁㅁㅁㅁㅁㅁㅁㅁㅁㅁㅁㅁㅁㅁㅁㅁㅁㅁㅁㅁㅁㅁㅁㅁㅁㅁㅁㅁㅁㅁㅁㅁㅁㅁㅁㅁㅁㅁㅁㅁㅁㅁㅁㅁㅁㅁㅁㅁㅁㅁㅁㅁㅁㅁㅁㅁㅁㅁㅁㅁㅁㅁㅁㅁㅁㅁㅁㅁㅁㅁㅁㅁㅁㅁㅁㅁㅁㅁㅁㅁㅁㅁㅁㅁㅁㅁㅁㅁㅁㅁㅁㅁㅁㅁㅁㅁㅁㅁㅁㅁㅁㅁㅁㅁㅁㅁㅁㅁㅁㅁㅁㅁㅁㅁㅁㅁㅁㅁㅁㅁㅁㅁㅁㅁㅁㅁㅁㅁㅁㅁㅁㅁㅁㅁㅁㅁㅁㅁㅁㅁㅁㅁㅁㅁㅁㅁㅁㅁㅁㅁㅁㅁㅁㅁㅁㅁㅁㅁㅁㅁㅁㅁㅁㅁㅁㅁㅁㅁㅁㅁㅁㅁㅁㅁㅁㅁㅁㅁㅁㅁㅁㅁㅁㅁㅁㅁㅁㅁㅁㅁㅁㅁㅁㅁㅁㅁㅁㅁㅁㅁㅁㅁㅁㅁㅁㅁㅁㅁㅁㅁㅁㅁㅁㅁㅁㅁㅁㅁㅁㅁㅁㅁㅁㅁㅁㅁㅁㅁㅁㅁㅁㅁㅁㅁㅁㅁㅁㅁㅁㅁㅁㅁㅁㅁㅁㅁㅁㅁㅁㅁㅁㅁㅁㅁㅁㅁㅁㅁㅁㅁㅁㅁㅁㅁㅁㅁㅁㅁㅁㅁㅁㅁㅁㅁㅁㅁㅁㅁㅁㅁㅁㅁㅁㅁㅁㅁㅁㅁㅁㅁㅁㅁㅁㅁㅁㅁㅁㅁㅁㅁㅁㅁㅁㅁㅁㅁㅁㅁㅁㅁㅁㅁㅁㅁㅁㅁㅁㅁㅁㅁㅁㅁㅁㅁㅁㅁㅁㅁㅁㅁㅁㅁㅁㅁㅁㅁㅁㅁㅁㅁㅁㅁㅁㅁㅁㅁㅁㅁㅁㅁㅁㅁㅁㅁㅁㅁㅁㅁㅁㅁㅁㅁㅁㅁㅁㅁㅁㅁㅁㅁㅁㅁㅁㅁㅁㅁㅁㅁㅁㅁㅁㅁㅁㅁㅁㅁㅁㅁㅁㅁㅁㅁㅁㅁㅁㅁㅁㅁㅁㅁㅁㅁㅁㅁㅁㅁㅁㅁㅁㅁㅁㅁㅁㅁㅁㅁㅁㅁㅁㅁㅁㅁㅁㅁㅁㅁㅁㅁㅁㅁㅁㅁㅁㅁㅁㅁㅁㅁㅁㅁㅁㅁㅁㅁㅁㅁㅁㅁㅁㅁㅁㅁㅁㅁㅁㅁㅁㅁㅁㅁㅁㅁㅁㅁㅁㅁㅁㅁㅁㅁㅁㅁㅁㅁㅁㅁㅁㅁㅁㅁㅁㅁㅁㅁㅁㅁㅁㅁㅁㅁㅁㅁㅁㅁㅁㅁㅁㅁㅁㅁㅁㅁㅁㅁㅁㅁㅁㅁㅁㅁㅁㅁㅁㅁㅁㅁㅁㅁㅁㅁㅁㅁㅁㅁㅁㅁㅁㅁㅁㅁㅁㅁㅁㅁㅁㅁㅁㅁㅁㅁㅁㅁㅁㅁㅁㅁㅁㅁㅁㅁㅁㅁㅁㅁㅁㅁㅁㅁㅁㅁㅁㅁㅁㅁㅁㅁㅁㅁㅁㅁㅁㅁㅁㅁㅁㅁㅁㅁㅁㅁㅁㅁㅁㅁㅁㅁㅁㅁㅁㅁㅁㅁㅁㅁㅁㅁㅁㅁㅁㅁㅁㅁㅁㅁㅁㅁㅁㅁㅁㅁㅁㅁㅁㅁㅁㅁㅁㅁㅁㅁㅁㅁㅁㅁㅁㅁㅁㅁㅁㅁㅁㅁㅁㅁㅁㅁㅁㅁㅁㅁㅁㅁㅁㅁㅁㅁㅁㅁㅁㅁㅁㅁㅁㅁㅁㅁㅁㅁㅁㅁㅁㅁㅁㅁㅁㅁㅁㅁㅁㅁㅁㅁㅁㅁㅁㅁㅁㅁㅁㅁㅁㅁㅁㅁㅁㅁㅁㅁㅁㅁㅁㅁㅁㅁㅁㅁㅁㅁㅁㅁㅁㅁㅁㅁㅁㅁㅁㅁㅁㅁㅁㅁㅁㅁㅁㅁㅁㅁㅁㅁㅁㅁㅁㅁㅁㅁㅁㅁㅁㅁㅁㅁㅁㅁㅁㅁㅁㅁㅁㅁㅁㅁㅁㅁㅁㅁㅁㅁㅁㅁㅁㅁㅁㅁㅁㅁㅁㅁㅁㅁㅁㅁㅁㅁㅁㅁㅁㅁㅁㅁㅁㅁㅁㅁㅁㅁㅁㅁㅁㅁㅁㅁㅁㅁㅁㅁㅁㅁㅁㅁㅁㅁㅁㅁㅁㅁㅁㅁㅁㅁㅁㅁㅁㅁㅁㅁㅁㅁㅁㅁㅁㅁㅁㅁㅁㅁㅁㅁㅁㅁㅁㅁㅁㅁㅁㅁㅁㅁㅁㅁㅁㅁㅁㅁㅁㅁㅁㅁㅁㅁㅁㅁㅁㅁㅁㅁㅁㅁㅁㅁㅁㅁㅁㅁㅁㅁㅁㅁㅁㅁㅁㅁㅁㅁㅁㅁㅁㅁㅁㅁㅁㅁㅁㅁㅁㅁㅁㅁㅁㅁㅁㅁㅁㅁㅁㅁㅁㅁㅁㅁㅁㅁㅁㅁㅁㅁㅁㅁㅁㅁㅁㅁㅁㅁㅁㅁㅁㅁㅁㅁㅁㅁㅁㅁㅁㅁㅁㅁㅁㅁㅁㅁㅁㅁㅁㅁㅁㅁㅁㅁㅁㅁㅁㅁㅁㅁㅁㅁㅁㅁㅁㅁㅁㅁㅁㅁㅁㅁㅁㅁㅁㅁㅁㅁㅁㅁㅁㅁㅁㅁㅁㅁㅁㅁㅁㅁㅁㅁㅁㅁㅁㅁㅁㅁㅁㅁㅁㅁㅁㅁㅁㅁㅁㅁㅁㅁㅁㅁㅁㅁㅁㅁㅁㅁㅁㅁㅁㅁㅁㅁㅁㅁㅁㅁㅁㅁㅁㅁㅁㅁㅁㅁㅁㅁㅁㅁㅁㅁㅁㅁㅁㅁㅁㅁㅁㅁㅁㅁㅁㅁㅁㅁㅁㅁㅁㅁㅁㅁㅁㅁㅁㅁㅁㅁㅁㅁㅁㅁㅁㅁㅁㅁㅁㅁㅁㅁㅁㅁㅁㅁㅁㅁㅁㅁㅁㅁㅁㅁㅁㅁㅁㅁㅁㅁㅁㅁㅁㅁㅁㅁㅁㅁㅁㅁㅁㅁㅁㅁㅁㅁㅁㅁㅁㅁㅁㅁㅁㅁㅁㅁㅁㅁㅁㅁㅁㅁㅁㅁㅁㅁㅁㅁㅁㅁㅁㅁㅁㅁㅁㅁㅁㅁㅁㅁㅁㅁㅁㅁㅁㅁㅁㅁㅁㅁㅁㅁㅁㅁㅁㅁㅁㅁㅁㅁㅁㅁㅁㅁㅁㅁㅁㅁㅁㅁㅁㅁㅁㅁㅁㅁㅁㅁㅁㅁㅁㅁㅁㅁㅁㅁㅁㅁㅁㅁㅁㅁㅁㅁㅁㅁㅁㅁㅁㅁㅁㅁㅁㅁㅁㅁㅁㅁㅁㅁㅁㅁㅁㅁㅁㅁㅁㅁㅁㅁㅁㅁㅁㅁㅁㅁㅁㅁㅁㅁㅁㅁㅁㅁㅁㅁㅁㅁㅁㅁㅁㅁㅁㅁㅁㅁㅁㅁㅁㅁㅁㅁㅁㅁㅁㅁㅁㅁㅁㅁㅁㅁㅁㅁㅁㅁㅁㅁㅁㅁㅁㅁㅁㅁㅁㅁㅁㅁㅁㅁㅁㅁㅁㅁㅁㅁㅁㅁㅁㅁㅁㅁㅁㅁㅁㅁㅁㅁㅁㅁㅁㅁㅁㅁㅁㅁㅁㅁㅁㅁㅁㅁㅁㅁㅁㅁㅁㅁㅁㅁㅁㅁㅁㅁㅁㅁㅁㅁㅁㅁㅁㅁㅁㅁㅁㅁㅁㅁㅁㅁㅁㅁㅁㅁㅁㅁㅁㅁㅁㅁㅁㅁㅁㅁㅁㅁㅁㅁㅁㅁㅁㅁㅁㅁㅁㅁㅁㅁㅁㅁㅁㅁㅁㅁㅁㅁㅁㅁㅁㅁㅁㅁㅁㅁㅁㅁㅁㅁㅁㅁㅁㅁㅁㅁㅁㅁㅁㅁㅁㅁㅁㅁㅁㅁㅁㅁㅁㅁㅁㅁㅁㅁㅁㅁㅁㅁㅁㅁㅁㅁㅁㅁㅁㅁㅁㅁㅁㅁㅁㅁㅁㅁㅁㅁㅁㅁㅁㅁㅁㅁㅁㅁㅁㅁㅁㅁㅁㅁㅁㅁㅁㅁㅁㅁㅁㅁㅁㅁㅁㅁㅁㅁㅁㅁㅁㅁㅁㅁㅁㅁㅁㅁㅁㅁㅁㅁㅁㅁㅁㅁㅁㅁㅁㅁㅁㅁㅁㅁㅁㅁㅁㅁㅁㅁㅁㅁㅁㅁㅁㅁㅁㅁㅁㅁㅁㅁㅁㅁㅁㅁㅁㅁㅁㅁㅁㅁㅁㅁㅁㅁㅁㅁㅁㅁㅁㅁㅁㅁㅁㅁㅁㅁㅁㅁㅁㅁㅁㅁㅁㅁㅁㅁㅁㅁㅁㅁㅁㅁㅁㅁㅁㅁㅁㅁㅁㅁㅁㅁㅁㅁㅁㅁㅁㅁㅁㅁㅁㅁㅁㅁㅁㅁㅁㅁㅁㅁㅁㅁㅁㅁㅁㅁㅁㅁㅁㅁㅁㅁㅁㅁㅁㅁㅁㅁㅁㅁㅁㅁㅁㅁㅁㅁㅁㅁㅁㅁㅁㅁㅁㅁㅁㅁㅁㅁㅁㅁㅁㅁㅁㅁㅁㅁㅁㅁㅁㅁㅁㅁㅁㅁㅁㅁㅁㅁㅁㅁㅁㅁㅁㅁㅁㅁㅁㅁㅁㅁㅁㅁㅁㅁㅁㅁㅁㅁㅁㅁㅁㅁㅁㅁㅁㅁㅁㅁㅁㅁㅁㅁㅁㅁㅁㅁㅁㅁㅁㅁㅁㅁㅁㅁㅁㅁㅁㅁㅁㅁㅁㅁㅁㅁㅁㅁㅁㅁㅁㅁㅁㅁㅁㅁㅁㅁㅁㅁㅁㅁㅁㅁㅁㅁㅁㅁㅁㅁㅁㅁㅁㅁㅁㅁㅁㅁㅁㅁㅁㅁㅁㅁㅁㅁㅁㅁㅁㅁㅁㅁㅁㅁㅁㅁㅁㅁㅁㅁㅁㅁㅁㅁㅁㅁㅁㅁㅁㅁㅁㅁㅁㅁㅁㅁㅁㅁㅁㅁㅁㅁㅁㅁㅁㅁㅁㅁㅁㅁㅁㅁㅁㅁㅁㅁㅁㅁㅁㅁㅁㅁㅁㅁㅁㅁㅁㅁㅁㅁㅁㅁㅁㅁㅁㅁㅁㅁㅁㅁㅁㅁㅁㅁㅁㅁㅁㅁㅁㅁㅁㅁㅁㅁㅁㅁㅁㅁㅁㅁㅁㅁㅁㅁㅁㅁㅁㅁㅁㅁㅁㅁㅁㅁㅁㅁㅁㅁㅁㅁㅁㅁㅁㅁㅁㅁㅁㅁㅁㅁㅁㅁㅁㅁㅁㅁㅁㅁㅁㅁㅁㅁㅁㅁㅁㅁㅁㅁㅁㅁㅁㅁㅁㅁㅁㅁㅁㅁㅁㅁㅁㅁㅁㅁㅁㅁㅁㅁㅁㅁㅁㅁㅁㅁㅁㅁㅁㅁㅁㅁㅁㅁㅁㅁㅁㅁㅁㅁㅁㅁㅁㅁㅁㅁㅁㅁㅁㅁㅁㅁㅁㅁㅁㅁㅁㅁㅁㅁㅁㅁㅁㅁㅁㅁㅁㅁㅁㅁㅁㅁㅁㅁㅁㅁㅁㅁㅁㅁㅁㅁㅁㅁㅁㅁㅁㅁㅁㅁㅁㅁㅁㅁㅁㅁㅁㅁㅁㅁㅁㅁㅁㅁㅁㅁㅁㅁㅁㅁㅁㅁㅁㅁㅁㅁㅁㅁㅁㅁㅁㅁㅁㅁㅁㅁㅁㅁㅁㅁㅁㅁㅁㅁㅁㅁㅁㅁㅁㅁㅁㅁㅁㅁㅁㅁㅁㅁㅁㅁㅁㅁㅁㅁㅁㅁㅁㅁㅁㅁㅁㅁㅁㅁㅁㅁㅁㅁㅁㅁㅁㅁㅁㅁㅁㅁㅁㅁㅁㅁㅁㅁㅁㅁㅁㅁㅁㅁㅁㅁㅁㅁㅁㅁㅁㅁㅁㅁㅁㅁㅁㅁㅁㅁㅁㅁㅁㅁㅁㅁㅁㅁㅁㅁㅁㅁㅁㅁㅁㅁㅁㅁㅁㅁㅁㅁㅁㅁㅁㅁㅁㅁㅁㅁㅁㅁㅁㅁㅁㅁㅁㅁㅁㅁㅁㅁㅁㅁㅁㅁㅁㅁㅁㅁㅁㅁㅁㅁㅁㅁㅁㅁㅁㅁㅁㅁㅁㅁㅁㅁㅁㅁㅁㅁㅁㅁㅁㅁㅁㅁㅁㅁㅁㅁㅁㅁㅁㅁㅁㅁㅁㅁㅁㅁㅁㅁㅁㅁㅁㅁㅁㅁㅁㅁㅁㅁㅁㅁㅁㅁㅁㅁㅁㅁㅁㅁㅁㅁㅁㅁㅁㅁㅁㅁㅁㅁㅁㅁㅁㅁㅁㅁㅁㅁㅁㅁㅁㅁㅁㅁㅁㅁㅁㅁㅁㅁㅁㅁㅁㅁㅁㅁㅁㅁㅁㅁㅁㅁㅁㅁㅁㅁㅁㅁㅁㅁㅁㅁㅁㅁㅁㅁㅁㅁㅁㅁㅁㅁㅁㅁㅁㅁㅁㅁㅁㅁㅁㅁㅁㅁㅁㅁㅁㅁㅁㅁㅁㅁㅁㅁㅁㅁㅁㅁㅁ',1692249499,2,1692249550),(285,74,'게시글 작성합니다.','게시글 작성합니다.',1692252400,5,NULL),(286,74,'게시글 수정합니다.','게시글 수정합니다.',1692253578,5,1692253668),(287,80,'기타 치는데 손가락이 너무 아파요','코드 잡는 손이 너무 아픕니다. 굳은살 생길 때까지 존버해야하나요?',1692316659,1,NULL);
/*!40000 ALTER TABLE `article` ENABLE KEYS */;
UNLOCK TABLES;

--
-- Table structure for table `article_file`
--

DROP TABLE IF EXISTS `article_file`;
/*!40101 SET @saved_cs_client     = @@character_set_client */;
/*!50503 SET character_set_client = utf8mb4 */;
CREATE TABLE `article_file` (
  `article_file_id` int NOT NULL AUTO_INCREMENT,
  `article_id` int NOT NULL,
  `file_url` varchar(255) DEFAULT NULL,
  PRIMARY KEY (`article_file_id`),
  KEY `article_to_article_file_FK_article_id` (`article_id`),
  CONSTRAINT `article_to_article_file_FK_article_id` FOREIGN KEY (`article_id`) REFERENCES `article` (`article_id`)
) ENGINE=InnoDB AUTO_INCREMENT=2 DEFAULT CHARSET=utf8mb4 COLLATE=utf8mb4_0900_ai_ci;
/*!40101 SET character_set_client = @saved_cs_client */;

--
-- Dumping data for table `article_file`
--

LOCK TABLES `article_file` WRITE;
/*!40000 ALTER TABLE `article_file` DISABLE KEYS */;
INSERT INTO `article_file` VALUES (1,1,'https://music-class-bucket.s3.ap-northeast-2.amazonaws.com/images/16ead347-670e-4ac1-abc9-6f485576b06f.png');
/*!40000 ALTER TABLE `article_file` ENABLE KEYS */;
UNLOCK TABLES;

--
-- Table structure for table `chat`
--

DROP TABLE IF EXISTS `chat`;
/*!40101 SET @saved_cs_client     = @@character_set_client */;
/*!50503 SET character_set_client = utf8mb4 */;
CREATE TABLE `chat` (
  `chat_id` int NOT NULL AUTO_INCREMENT,
  `contact_id` int NOT NULL,
  `content` varchar(255) DEFAULT NULL,
  `created_at` int DEFAULT (unix_timestamp()),
  `sender` tinyint DEFAULT NULL,
  PRIMARY KEY (`chat_id`),
  KEY `contact_to_chat_FK_contact_id` (`contact_id`),
  CONSTRAINT `contact_to_chat_FK_contact_id` FOREIGN KEY (`contact_id`) REFERENCES `contact` (`contact_id`)
) ENGINE=InnoDB AUTO_INCREMENT=233 DEFAULT CHARSET=utf8mb4 COLLATE=utf8mb4_0900_ai_ci;
/*!40101 SET character_set_client = @saved_cs_client */;

--
-- Dumping data for table `chat`
--

LOCK TABLES `chat` WRITE;
/*!40000 ALTER TABLE `chat` DISABLE KEYS */;
INSERT INTO `chat` VALUES (1,1,'안녕하세요',1692159860,0),(2,1,'수업 가능한가요?',1692159870,0),(3,26,'이봐요',1692162081,0),(4,26,'강의 신청좀 받아주세요',1692162085,0),(5,22,'김고수 강사님',1692162181,0),(6,22,'강의좀 받아주세요',1692162186,0),(7,22,'채팅 테스트좀 하게',1692162216,0),(8,22,'~~~~~~~',1692162218,0),(9,22,'받아줘어어어어어어어어어어어엉어어어어ㅓ어어어',1692162223,0),(10,22,'ㅇ이봐요여어어어어어어어어어어어어어',1692162231,0),(11,5,'선착순 이미 완료되었나요??',1692163694,0),(12,38,'강의 강의 강의',1692163751,0),(13,38,'저희 학원 오실 계획 없으신가요',1692163768,0),(14,38,'연봉 협상 하시죠',1692163774,0),(15,38,'얼마를 바라시나요???',1692163779,0),(16,41,'이봐요',1692165043,0),(17,41,'어ㅎ이',1692165046,0),(18,32,'님님',1692165476,0),(19,32,'님아님아',1692165479,0),(20,32,'야야',1692165483,0),(21,32,'sla',1692165658,0),(22,32,'님님',1692165660,0),(23,32,'이 스토커같은 양반',1692165684,1),(24,32,'그만좀 따라다녀요',1692165687,1),(25,48,'강의 받아주세요',1692167249,0),(26,48,'받아드렸습니다~',1692167261,1),(27,48,'왜 물결표가 짤리죠?',1692167271,1),(28,48,'~~~~~~~~~~~~',1692167283,0),(29,48,'뭐가 짤린다는거야~~~~',1692167290,0),(30,48,'뭐야~~~~~~~~~~~~~~~~~~~~~~~~~~~~~~~~~~~~~~~~~',1692167320,0),(31,48,'난 잘나와~~~~~~~~~~~~~~~~~~~~~~~~~~~~~~~~~~~~~~~~~~~~~~~~~~~~~~~~~~~~~~~~~~~~~~~~~~~~~~~~~~~~~~',1692167327,0),(32,48,'여기는 왜이렇게 짧아요여기는 왜이렇게 짧아요여기는 왜이렇게 짧아요여기는 왜이렇게 짧아요',1692167349,1),(33,48,'여기는 왜이렇게 짧아요여기는 왜이렇게 짧아요여기는 왜이렇게 짧아요여기는 왜이렇게 짧아요여기는 왜이렇게 짧아요여기는 왜이렇게 짧아요여기는 왜이렇게 짧아요여기는 왜이렇게 짧아요',1692167352,1),(34,27,'티키타~~~~~~~~~~~~~~~~~~~~~~~~~~~~~~~~~~~~~~~~~~~~~~~~~~~~~~~~~~~~~~~~~~~',1692167507,0),(35,44,'와이프분께 격투기 배우고싶은데 어떻게 안될까요?',1692167715,0),(36,27,'됐나??',1692167801,0),(37,27,'aaaaaaaaaaaaaaaaaaaaaaaaaaaaaaaaaaaaaaaaaaaaaaaaaaaaaaaaaaaaaaaaaaaaaaaaaaaaaaaaaaaaaaaaaa',1692167812,0),(38,27,'해치웠나!!!!!!!!!!!!!!!!!!!!!!!!!!!!!!!!!!!!!!!!!!!!!!!!!!!!!!!!!!!!!!!!!!!!!!!!!!!!!!!!!!!!!!!!!!!!!!!!!!',1692167821,0),(39,27,'aaaaaaaaaaaaaaaaaaaaaaaaaaaaaaaaaaaaaaaaaaaaaaaaaaaaaaaaaaaaaaaaaaaaaaaaaaaaaaaaaaaaaaaaaaaaaaaaaaaaaaaaaaaaaaaaaaaaaaaaaaaaaaaaaaaaaaaaaaaaaaaaaaaaaaaaa',1692168032,0),(40,27,'aaaaaaaaaaaaaaaaaaaaaaaaaaaaaaaaaaaaaaaaaaaaaaaaaaaaaaaaaaaaaaaaaaaaaaaaaaaaaaaaaaaaaaaaaaaaaaaaaaaaaaaaaaaaaaaaaaaaaaaaaaaaaaaaaaaaaaaaaaaaa',1692168039,0),(41,2,'카리나 본인이신가요?',1692168182,0),(42,52,'누구쎄옹',1692172952,1),(43,58,'드럼 가르칠 생각은 없으신가요?',1692187734,0),(44,349,'푸 푸푸우 푸푸린',1692230193,0),(45,349,'푸푸푸푸',1692230195,0),(46,225,'고펜하이머씨',1692230345,1),(47,351,'ㄴㅇㄴㅇ',1692230438,0),(48,351,'ㄴㅇㅁㄹ',1692230439,0),(49,351,'ㄴㅇㄹ',1692230439,0),(50,351,'ㄴㅇㄹㅁㄹㄴㅁㅇ',1692230439,0),(51,351,'ㄴㅇㅁ',1692230439,0),(52,351,'ㄹㄴㅇㄹㄴㅇㅁㄹㄴㅁㅇ',1692230440,0),(53,351,'ㄹㄴㅇㄹㄴㅇㅁㄹㄴㅁㅇㄹㄴㅇ',1692230440,0),(54,351,'ㄹㄴㅇㄹ',1692230440,0),(55,351,'ㄴㅇㄹㄴㅇㄹㄴ',1692230441,0),(56,351,'ㄴㅇㄹㄴㅇㄹㄴㅇㄹㄴㅇ루ㅗㄴ이런ㅁ아ㅓ리;ㅏㄴㅇ',1692230442,0),(57,351,'ㄴ애러ㅔㄴ어렌ㅇ레ㅐㅓ제러제러ㅔ저ㅡㄹㅈㄷ',1692230443,0),(58,351,'ㄴㅇ래ㅔㄴ어레저ㅔ러ㅔㅈㄷㄹ헺뎋[ㅈ더ㅔ헤[ㅈ더ㅡㅎ[ㅈㄷ',1692230445,0),(59,351,'ㅇㅇㅇㅇㅇㅇㅇㅇㅇㅇㅇㅇㅇㅇㅇㅇㅇㅇㅇㅇㅇㅇㅇㅇㅇㅇㅇㅇㅇㅇㅇㅇㅇㅇㅇㅇㅇㅇㅇㅇㅇㅇㅇㅇㅇㅇㅇㅇㅇㅇㅇㅇㅇㅇㅇㅇㅇㅇㅇㅇㅇㅇㅇㅇㅇㅇㅇㅇㅇㅇㅇㅇㅇㅇㅇㅇㅇㅇ',1692230454,0),(60,199,'오 카리나다 카리나',1692230610,0),(61,409,'fwefw',1692234757,1),(62,409,'치',1692234776,1),(63,409,'안녕',1692234789,1),(64,408,'그러ㄹ',1692234799,1),(65,408,'그럴리가',1692234801,1),(66,408,'없어요',1692234805,1),(67,414,'머요',1692234824,1),(68,414,'저 기타 배우고 싶은데',1692234828,0),(69,414,'얼마까지 알아봤어요',1692234832,1),(70,414,'얼마인가요',1692234833,0),(71,413,'gdgd',1692234839,0),(72,413,'안녕하세요',1692234840,1),(73,413,'ㅎㅇㅎㅇ',1692234842,0),(74,413,'래ㅔㄷ',1692234858,1),(75,413,'ㅈㄹ',1692234866,1),(76,413,'ㅈㄷ',1692234866,1),(77,413,'ㄹ',1692234866,1),(78,413,'ㄹ',1692234867,1),(79,413,'ㄹ',1692234867,1),(80,413,'ㄹ',1692234867,1),(81,413,'ㅁ',1692234870,1),(82,416,'안녕하세요',1692235732,0),(83,417,'ㅎㅇㅎㅇ',1692235861,0),(84,417,'ㅎㅇㅎㅇ',1692235862,0),(85,417,'반가워요',1692235864,0),(86,417,'저 수강받고싶어요',1692235874,0),(87,16,'안녕하세요',1692236091,1),(88,429,'들어와바',1692236654,0),(89,430,'제가 진짜 윈터인데요ㅡㅡ',1692236662,0),(90,429,'도도독',1692236703,1),(91,429,'캠있어?',1692236707,0),(92,429,'도도돋독',1692236712,1),(93,429,'나 이거만들면서',1692236720,0),(94,429,'카리나 사진만',1692236721,0),(95,429,'30장찾아서',1692236724,0),(96,429,'반해버렸다',1692236729,0),(97,429,'근데 사진이 작아서',1692236732,1),(98,429,'카메라있으면',1692236732,0),(99,429,'카리나로안보임',1692236734,1),(100,429,'영통한번',1692236740,0),(101,429,'해보자',1692236741,0),(102,429,'ㅋㅋ사무실이라 좀 참자 카메라는',1692236742,1),(103,429,'머어떄',1692236746,0),(104,429,'나도 사무실이넫',1692236751,0),(105,429,'인데',1692236753,0),(106,429,'프로필 사진',1692236757,1),(107,429,'클릭해서 확대하게해줘',1692236759,1),(108,429,'카리난지 모르겟음',1692236762,1),(109,429,'그거  가서봐',1692236767,0),(110,429,'일단ㅇㅋ',1692236771,0),(111,429,'도도독..도는우리땅',1692236779,1),(112,429,'새탭에서',1692236787,0),(113,429,'이미지 열래',1692236789,0),(114,429,'버그아니면',1692236792,0),(115,429,'닥치래',1692236793,0),(116,429,'시간없데',1692236794,0),(117,429,'오 움짤이엇네',1692236801,1),(118,429,'별로안이쁘네',1692236815,1),(119,429,'ㅐㄴ꺼',1692236819,0),(120,429,'강사프로필',1692236821,0),(121,429,'보러오면',1692236822,0),(122,429,'이쁨',1692236823,0),(123,429,'창우랑 채팅하러간다',1692236827,0),(124,429,'ㅂ',1692236831,1),(125,429,'뭐여 채팅종료도없어',1692236845,1),(126,429,'어그러네',1692236949,0),(127,429,';마우스에 없어?',1692236963,0),(128,429,'마우스에 뒤로가기 있잖아',1692236968,0),(129,429,'마우스를',1692236971,0),(130,429,'싼거쓰니가',1692236973,0),(131,429,'그러지',1692236973,0),(132,418,'님',1692238940,0),(133,418,'님',1692238941,0),(134,418,'진짜 기타 15년 침?',1692238946,0),(135,418,'구라 아니에요?',1692238948,0),(136,418,'솔직히 말하면 봐줌',1692238953,0),(137,445,'안녕하세요 엄격하게 잘 가르치시나요?',1692246319,0),(138,445,'넵 걱정마세요',1692246342,1),(139,445,'20시 이후에 저녁시간에도 괜찮을까요?',1692246350,0),(140,445,'엄격하게 시간 지켜주세요',1692246357,1),(141,445,'넵 열심히 하겠습니다.',1692246363,0),(142,445,'넵 수락하겠습니다',1692246367,1),(143,455,'sdfsdfsdf',1692247025,0),(144,455,'야임마',1692247028,0),(145,455,'어이',1692247029,0),(146,455,'wefwefwef',1692247047,1),(147,455,'wef',1692247047,1),(148,455,'wfe',1692247047,1),(149,455,'wef',1692247047,1),(150,459,'형',1692247250,0),(151,459,'요즘 부진하더라?',1692247256,0),(152,458,'안녕하세요',1692247270,0),(153,456,'누구세요',1692247412,1),(154,456,'누구세요',1692247438,0),(155,458,'안녕핫에ㅛ',1692247656,1),(156,458,'포켓몬은  이상해씨가  진리입니다',1692247673,1),(157,460,'이거 됨?',1692247681,0),(158,460,'어이',1692247686,0),(159,460,'나와라',1692247688,0),(160,460,'얼마까지 알아보셨어요?',1692247692,1),(161,460,'150',1692247695,0),(162,460,'원',1692247697,0),(163,460,'훈민정음 잘하심?',1692247698,1),(164,460,'네',1692247700,0),(165,460,'ㅇㅋ',1692247702,1),(166,460,'받아드림',1692247706,1),(167,460,'너 우종이냐',1692247710,0),(168,460,'맞슴다',1692247722,1),(169,460,'오늘 꼬맨틀이나 맞추고 오세요',1692247724,0),(170,460,'RTC로 오시죠',1692247725,1),(171,460,'전 이미 답을 안답니다',1692247728,0),(172,460,'알티씨 어케 하노?',1692247744,0),(173,460,'하는법을 알려줘야지..',1692247747,0),(174,460,'강의실 > 진행중',1692247766,1),(175,460,'그럼 저 있음다',1692247774,1),(176,456,'이봐요',1692247891,1),(177,456,'헿',1692247925,1),(178,458,'그럼 오늘부터 이상해씨로 바꾸겠습니다',1692248289,0),(179,462,'강사님 강의 받고 싶어요?',1692248699,0),(180,462,'안녕하세요',1692248713,1),(181,462,'유진박입니다.',1692248715,1),(182,465,'저 비싸요',1692249138,1),(183,465,'안녕하십니까',1692249138,0),(184,467,'이제',1692249333,0),(185,467,'채팅이 보내졌으니',1692249338,0),(186,467,'우리관계는 영원해',1692249342,0),(187,467,'우리는 영원히 함께야',1692249346,0),(188,284,'ㅇㅇ',1692252469,1),(189,284,'ㅇㅇ',1692252486,0),(190,284,'나다',1692252497,1),(191,284,'나도 나다',1692252505,1),(192,467,'안ㄴ여',1692252762,1),(193,446,'채팅채팅',1692253745,0),(194,184,'채팅채팅',1692253763,0),(195,470,'상냥합니다',1692253783,0),(196,470,'부드러운 남자입니다',1692253794,0),(197,470,'ㅁㄴ이;ㅏ럼ㄴㅇ라ㅣㅓㅁㄴ이;ㅏ럼ㄴㅇ라ㅣㅓㅁㄴ이;ㅏ럼ㄴㅇ라ㅣㅓㅁㄴ이;ㅏ럼ㄴㅇ라ㅣㅓㅁㄴ이;ㅏ럼ㄴㅇ라ㅣㅓㅁㄴ이;ㅏ럼ㄴㅇ라ㅣㅓㅁㄴ이;ㅏ럼ㄴㅇ라ㅣㅓㅁㄴ이;ㅏ럼ㄴㅇ라ㅣㅓㅁㄴ이;ㅏ럼ㄴㅇ라ㅣㅓㅁㄴ이;ㅏ럼ㄴㅇ라ㅣㅓㅁㄴ이;ㅏ럼ㄴㅇ라ㅣㅓㅁㄴ이;ㅏ럼ㄴㅇ라ㅣㅓㅁㄴ이;ㅏ럼ㄴㅇ라ㅣㅓ',1692253813,1),(198,467,'ㅈㄷㄹㄹㅈㄷ',1692256036,1),(199,458,'와 학생의 자세가 되어있네요  ',1692256318,1),(200,45,'신우종이 없을때에는 어떻게 되나요?',1692259106,1),(201,301,'dfd',1692260598,0),(202,301,'sdfsdsd',1692260608,1),(203,429,'정신차려',1692260761,1),(204,429,'ㅇ',1692260765,1),(205,429,'ㅇ',1692260768,1),(206,429,'못올라가',1692260772,1),(207,429,'도도도',1692260785,1),(208,467,'ㄹ',1692260905,0),(209,485,'wf',1692261387,0),(210,485,'wf',1692261408,1),(226,408,'ㅎㅇㅎㅇ',1692313671,1);
/*!40000 ALTER TABLE `chat` ENABLE KEYS */;
UNLOCK TABLES;

--
-- Table structure for table `comment`
--

DROP TABLE IF EXISTS `comment`;
/*!40101 SET @saved_cs_client     = @@character_set_client */;
/*!50503 SET character_set_client = utf8mb4 */;
CREATE TABLE `comment` (
  `comment_id` int NOT NULL AUTO_INCREMENT,
  `article_id` int NOT NULL,
  `user_id` int NOT NULL,
  `content` varchar(255) DEFAULT NULL,
  `created_at` int DEFAULT (unix_timestamp()),
  PRIMARY KEY (`comment_id`),
  KEY `article_to_comment_FK_article_id` (`article_id`),
  KEY `user_to_comment_FK_user_id` (`user_id`),
  CONSTRAINT `article_to_comment_FK_article_id` FOREIGN KEY (`article_id`) REFERENCES `article` (`article_id`),
  CONSTRAINT `user_to_comment_FK_user_id` FOREIGN KEY (`user_id`) REFERENCES `user` (`user_id`)
) ENGINE=InnoDB AUTO_INCREMENT=64 DEFAULT CHARSET=utf8mb4 COLLATE=utf8mb4_0900_ai_ci;
/*!40101 SET character_set_client = @saved_cs_client */;

--
-- Dumping data for table `comment`
--

LOCK TABLES `comment` WRITE;
/*!40000 ALTER TABLE `comment` DISABLE KEYS */;
INSERT INTO `comment` VALUES (1,2,31,'여기 악기배우는곳이에요;; 근데 B형 취득 꿀팁좀 알려주세요',1692161821),(2,9,19,'홍대 오케스트라 학원 추천합니다.',1692162854),(3,232,22,'저기 죄송한데 귀가 들리세요?',1692163135),(4,233,22,'me\nme',1692163377),(8,250,39,'진짜  이런글 쓰는 송희도  빌런입니다',1692195392),(9,250,51,'진짜 송희도 같은 파일이네요',1692228763),(10,271,38,'일단 가르치려면 마음이 아니라 귀로 들어야 하지 않을까요',1692229480),(11,275,21,'백일 입니다',1692236594),(12,275,68,'덕분에 힘이 쫙빠졌어요 감사합니다\n',1692236686),(13,276,70,'키보드만 구하면 됩니다!',1692237902),(15,272,75,'드보르작의 신세계로부터 강추합니다',1692247041),(19,275,76,'lemon ㄱㄱ',1692247434),(20,277,39,'얼마까지 알아보고 오셨나요??\n',1692247552),(21,279,74,'댓글도 작성합니다.',1692247932),(29,282,19,'한자는 너무 매서운것 같습니다\n',1692249029),(30,282,70,'aaaaaaaaaaaaaaaaaaaaaaaaaaaaaaaaaaaaaaaaaaaaaaaaaaaaaaaaaaaaaaaaaaaaaaaaaaaaaaaaaaaaaaaaaaaaaaaaaaaaaaaaaaaaaaaaaaaaaaaaaaaaaaaaaaaaaaaaaaaaaaa\n',1692249156),(31,277,70,'식사하는거 방송해주세요\n',1692249278),(32,283,77,'ㄴㄴㄴㄴㄴㄴㄴㄴㄴㄴㄴㄴㄴㄴㄴㄴㄴㄴㄴㄴㄴㄴㄴㄴㄴㄴㄴㄴㄴㄴㄴㄴㄴㄴㄴㄴㄴㄴㄴㄴㄴㄴㄴㄴㄴㄴㄴㄴㄴㄴㄴㄴㄴㄴㄴㄴㄴㄴㄴㄴㄴㄴㄴㄴㄴㄴㄴㄴㄴㄴㄴㄴㄴㄴㄴㄴㄴㄴㄴㄴㄴㄴㄴㄴㄴㄴㄴㄴㄴㄴㄴㄴㄴㄴㄴㄴㄴㄴㄴㄴㄴㄴㄴㄴㄴㄴㄴㄴㄴㄴㄴㄴㄴㄴㄴㄴㄴㄴㄴㄴㄴㄴㄴㄴㄴㄴㄴㄴㄴㄴㄴㄴㄴㄴㄴㄴㄴㄴㄴㄴㄴㄴㄴㄴㄴㄴㄴㄴㄴㄴㄴㄴㄴㄴㄴㄴㄴㄴㄴㄴㄴㄴㄴㄴㄴㄴㄴㄴㄴㄴㄴㄴㄴㄴㄴㄴㄴㄴㄴㄴㄴㄴㄴㄴㄴㄴㄴㄴㄴㄴㄴㄴㄴㄴㄴㄴㄴㄴㄴㄴ',1692249499),(33,284,70,'ㅁㅁㅁㅁㅁㅁㅁㅁㅁㅁㅁㅁㅁㅁㅁㅁㅁㅁㅁㅁㅁㅁㅁㅁㅁㅁㅁㅁㅁㅁㅁㅁㅁㅁㅁㅁㅁㅁㅁㅁㅁㅁㅁㅁㅁㅁㅁㅁㅁㅁㅁㅁㅁㅁㅁㅁㅁㅁㅁㅁㅁㅁㅁㅁㅁㅁㅁㅁㅁㅁㅁㅁㅁㅁㅁㅁㅁㅁㅁㅁㅁㅁㅁㅁㅁㅁㅁㅁㅁㅁㅁㅁㅁㅁㅁㅁㅁㅁㅁㅁㅁㅁㅁㅁㅁㅁㅁㅁㅁㅁㅁㅁㅁㅁㅁㅁㅁㅁㅁㅁㅁㅁㅁㅁㅁㅁㅁㅁㅁㅁㅁㅁㅁㅁㅁㅁㅁㅁㅁㅁㅁㅁㅁㅁㅁㅁㅁㅁㅁㅁㅁㅁㅁㅁㅁㅁㅁㅁㅁㅁㅁㅁㅁㅁㅁㅁㅁㅁㅁㅁㅁㅁㅁㅁㅁㅁㅁㅁㅁㅁㅁㅁㅁㅁㅁㅁㅁㅁㅁㅁㅁㅁㅁㅁㅁㅁㅁㅁㅁㅁ',1692249506),(61,286,74,'수정 댓글입니다.',1692253650),(63,236,73,'진짜요?',1692318545);
/*!40000 ALTER TABLE `comment` ENABLE KEYS */;
UNLOCK TABLES;

--
-- Table structure for table `contact`
--

DROP TABLE IF EXISTS `contact`;
/*!40101 SET @saved_cs_client     = @@character_set_client */;
/*!50503 SET character_set_client = utf8mb4 */;
CREATE TABLE `contact` (
  `contact_id` int NOT NULL AUTO_INCREMENT,
  `student_id` int NOT NULL,
  `teacher_id` int NOT NULL,
  `state` tinyint DEFAULT NULL,
  `student_memo` varchar(255) DEFAULT NULL,
  `teacher_memo` varchar(255) DEFAULT NULL,
  `student_order` int DEFAULT NULL,
  `teacher_order` int DEFAULT NULL,
  `start_time` int DEFAULT NULL,
  `end_time` int DEFAULT NULL,
  `room_key` varchar(255) DEFAULT NULL,
  PRIMARY KEY (`contact_id`),
  KEY `user_to_contact_FK_user_id` (`student_id`),
  KEY `teacher_to_contact_FK_teacher_id` (`teacher_id`),
  CONSTRAINT `teacher_to_contact_FK_teacher_id` FOREIGN KEY (`teacher_id`) REFERENCES `teacher` (`teacher_id`),
  CONSTRAINT `user_to_contact_FK_user_id` FOREIGN KEY (`student_id`) REFERENCES `user` (`user_id`)
) ENGINE=InnoDB AUTO_INCREMENT=502 DEFAULT CHARSET=utf8mb4 COLLATE=utf8mb4_0900_ai_ci;
/*!40101 SET character_set_client = @saved_cs_client */;

--
-- Dumping data for table `contact`
--

LOCK TABLES `contact` WRITE;
/*!40000 ALTER TABLE `contact` DISABLE KEYS */;
INSERT INTO `contact` VALUES (1,19,4,2,'이상해요','과외받으면서 자꾸 멀 먹음',1,1,1692159865,1692159889,'BDTBIWVVCJMHNOKF'),(2,19,4,2,'기타 수업 월, 수 ,금\n시간 9시 30분 \n현재 진도 인생은 회전목마 1/4 까지 나갔음\n숙제: 배운곳 까지 연습 40번',NULL,2,2,1692168165,1692173016,'VMYVIPKDVXDZSDSQ'),(3,23,9,2,NULL,NULL,1,1,1692165686,1692165712,'DMGGNXWVGSGAASUH'),(4,23,10,2,NULL,NULL,2,1,1692162064,1692162738,'XRJLTAKCNXKMIPJE'),(5,24,11,1,'기타 개 빡고수 이심',NULL,1,1,1692163247,NULL,'RPNZULDRLVUKCAQY'),(6,24,10,2,NULL,NULL,2,2,1692162063,1692162737,'TYVYZGJCIUKHHGXV'),(7,24,4,0,NULL,NULL,3,3,NULL,NULL,NULL),(8,24,9,2,NULL,NULL,4,2,1692165685,1692165708,'VQJOVPUIIQGSZHXO'),(9,26,13,1,NULL,NULL,1,1,1692314159,NULL,'JCTPVCPYZXYUVQUY'),(10,26,11,1,NULL,NULL,2,2,1692163246,NULL,'KOGRLXTLUOFGRONA'),(11,26,10,2,NULL,NULL,3,3,1692162062,1692162735,'SSSPANTEIHOTDQVN'),(12,26,9,2,NULL,'너무못해',4,3,1692165684,1692165710,'XBWLHHVSKKIYNRPP'),(13,26,4,0,NULL,NULL,5,4,NULL,NULL,NULL),(14,27,4,0,NULL,NULL,1,5,NULL,NULL,NULL),(15,30,15,2,NULL,NULL,1,1,1692162234,1692173472,'GVCLYKMBTKUSCPNK'),(16,29,15,2,NULL,'요일 월화 20시 넘어서\n네고해서 시급 2.5\n마이크 상태가 별로 안좋아서 이어폰 끼고 들어야됨 (8월 8일 추가)',1,2,1692163477,1692236103,'PWIGGYJVQPLCEGPR'),(18,29,13,1,NULL,NULL,3,2,1692314152,NULL,'VBJXXWCPLNYYKRDZ'),(19,29,11,1,NULL,NULL,4,3,1692163244,NULL,'SYXLAKJGNAWPEQVR'),(20,29,10,2,NULL,NULL,5,4,1692162060,1692162731,'TYXQKMOAJEOTONLH'),(21,19,19,0,NULL,NULL,3,1,NULL,NULL,NULL),(22,19,15,2,'8월 16일 강의 종료',NULL,4,3,1692162229,1692162382,'RCORIJHQRMGULANL'),(23,19,14,1,NULL,NULL,5,2,1692314665,NULL,'UYFSMPKOHUGBXVGL'),(24,19,13,1,NULL,NULL,6,3,1692314156,NULL,'ZDUGFFKVMUIWFGRJ'),(25,19,11,2,NULL,NULL,7,4,1692163243,1692163253,'JNZGLAYIOIPGSJBC'),(26,19,9,2,NULL,NULL,8,4,1692165683,1692165705,'RTPWRUGPPQIMNWGI'),(27,19,20,2,'기타 수업 월, 수 ,금\n시간 9시 30분 \n현재 진도 인생은 회전목마 1/4 까지 나갔음\n숙제: 배운곳 까지 연습 40번',NULL,9,1,1692165044,1692173008,'CMOSRWJILARANLSA'),(28,19,21,0,NULL,NULL,10,1,NULL,NULL,NULL),(29,19,3,2,NULL,'타고남.',11,1,1692164047,1692164324,'DXZTLFCOZJXGUUNZ'),(30,32,20,2,NULL,NULL,1,2,1692165748,1692187782,'VWPLEPHFFYHBODMM'),(31,32,21,0,NULL,NULL,2,2,NULL,NULL,NULL),(32,32,15,1,NULL,NULL,3,4,1692163475,NULL,'PCKBCPTUFWCGYUZF'),(33,32,14,0,NULL,NULL,4,3,NULL,NULL,NULL),(34,32,13,0,NULL,NULL,5,4,NULL,NULL,NULL),(35,24,23,2,NULL,'학원 수준이 보입니다',5,1,1692164534,1692165798,'NCYZDHKIJTSHISCK'),(36,24,22,0,NULL,NULL,6,1,NULL,NULL,NULL),(37,24,21,0,NULL,NULL,7,3,NULL,NULL,NULL),(38,24,15,0,NULL,NULL,8,5,NULL,NULL,NULL),(39,11,3,2,'상냥함.','배움이 많이 필요해 보임.',1,2,1692164045,1692164335,'OSYLRDBBWJPMLEAO'),(40,22,20,3,NULL,NULL,1,3,NULL,NULL,NULL),(41,24,20,2,NULL,NULL,9,4,1692230637,1692230654,'HGDODXOMZPEQVOEB'),(42,22,22,1,NULL,NULL,2,2,1692238423,NULL,'EPRGGGNJZFXWKWMD'),(43,22,21,0,NULL,NULL,3,4,NULL,NULL,NULL),(44,20,23,0,NULL,NULL,1,2,NULL,NULL,NULL),(45,20,22,1,'',NULL,2,3,1692238421,NULL,'KOHOALXRPZCRICKW'),(46,20,21,0,NULL,NULL,3,5,NULL,NULL,NULL),(47,20,15,0,NULL,NULL,4,6,NULL,NULL,NULL),(48,19,24,2,NULL,'ㅋㅋ',12,1,1692167246,1692167413,'PPTMFNLBOGQHDNVA'),(49,21,4,2,NULL,'ddd',1,6,1692167795,1692167800,'WGZAROYMDOOTDXRS'),(50,18,26,2,NULL,NULL,1,1,1692168231,1692168235,'KBFOBQPCPOSHMIRU'),(51,18,25,1,NULL,NULL,2,1,1692168256,NULL,'RYQRCTPXLNUNEBRD'),(52,17,10,2,NULL,NULL,1,5,1692172944,1692229324,'NQFEKHYCRALDUZPS'),(53,19,27,2,NULL,NULL,13,1,1692231597,1692234202,'TQGOXNBAXMTAJRJJ'),(54,39,27,2,'시대가 어느땐데 유선마우스임 ㅡㅡ',NULL,1,2,1692172983,1692173539,'JZGIWNRQXMXDJJFN'),(55,38,28,2,'ㅁㄴㅇㄹ','산만해요',1,1,1692173026,1692173619,'IVGZOTZTKEKFZWXD'),(56,19,3,2,NULL,NULL,14,3,1692173037,1692195978,'FTWMCUEUAKJOYDBY'),(57,38,29,0,NULL,NULL,2,1,NULL,NULL,NULL),(58,15,32,0,NULL,NULL,1,1,NULL,NULL,NULL),(59,11,32,0,NULL,NULL,2,2,NULL,NULL,NULL),(60,44,33,2,NULL,NULL,1,1,1692190312,1692190321,'GZRTDGZRVKOJDAOG'),(61,44,32,0,NULL,NULL,2,3,NULL,NULL,NULL),(62,44,31,0,NULL,NULL,3,1,NULL,NULL,NULL),(63,44,26,0,NULL,NULL,4,2,NULL,NULL,NULL),(64,44,25,0,NULL,NULL,5,2,NULL,NULL,NULL),(65,44,20,2,NULL,NULL,6,5,1692230636,1692230653,'JNHYFXGXMNOZWWDH'),(66,44,15,0,NULL,NULL,7,7,NULL,NULL,NULL),(67,44,13,2,NULL,NULL,8,5,1692314170,1692314211,'VXUYAKRJHRETIQKY'),(68,44,11,0,NULL,NULL,9,5,NULL,NULL,NULL),(69,44,3,2,NULL,NULL,10,4,1692195990,1692195996,'NXJVZFBBPOAKIPTX'),(70,44,2,2,NULL,NULL,11,1,1692228909,1692228924,'LHOJWBOOKEJPJJLA'),(71,45,34,2,NULL,NULL,1,1,1692190228,1692190232,'HZQCVJAWVGOBYGBC'),(72,45,33,2,NULL,NULL,2,2,1692190311,1692190319,'ZZXFPLSMAONYGNOQ'),(73,45,32,0,NULL,NULL,3,4,NULL,NULL,NULL),(74,45,31,0,NULL,NULL,4,2,NULL,NULL,NULL),(75,45,30,0,NULL,NULL,5,1,NULL,NULL,NULL),(76,45,29,0,NULL,NULL,6,2,NULL,NULL,NULL),(77,45,26,0,NULL,NULL,7,3,NULL,NULL,NULL),(78,45,25,0,NULL,NULL,8,3,NULL,NULL,NULL),(79,45,24,0,NULL,NULL,9,2,NULL,NULL,NULL),(80,45,23,0,NULL,NULL,10,3,NULL,NULL,NULL),(81,45,22,1,NULL,NULL,11,4,1692238424,NULL,'ZRGLBCIVRFSZXHZJ'),(82,45,20,2,NULL,NULL,12,6,1692230635,1692230652,'NLXQHYSBOBHVLOIG'),(83,45,15,0,NULL,NULL,13,8,NULL,NULL,NULL),(84,45,14,0,NULL,NULL,14,4,NULL,NULL,NULL),(85,45,13,0,NULL,NULL,15,6,NULL,NULL,NULL),(86,45,11,0,NULL,NULL,16,6,NULL,NULL,NULL),(87,45,3,2,NULL,NULL,17,5,1692195989,1692195995,'NMXGQVHTVYVAWNLR'),(88,46,35,2,NULL,NULL,1,1,1692190556,1692229858,'GODPMJTJYHNFVHXR'),(89,46,34,2,NULL,NULL,2,2,1692190226,1692190230,'GDAUVWSPPVZVSNEZ'),(90,46,33,2,NULL,NULL,3,3,1692190310,1692190316,'DPBQVKFBPJRDBSCA'),(91,46,32,0,NULL,NULL,4,5,NULL,NULL,NULL),(92,46,31,0,NULL,NULL,5,3,NULL,NULL,NULL),(93,46,30,0,NULL,NULL,6,2,NULL,NULL,NULL),(94,46,29,0,NULL,NULL,7,3,NULL,NULL,NULL),(95,46,26,0,NULL,NULL,8,4,NULL,NULL,NULL),(96,46,25,0,NULL,NULL,9,4,NULL,NULL,NULL),(97,46,24,0,NULL,NULL,10,3,NULL,NULL,NULL),(98,46,23,0,NULL,NULL,11,4,NULL,NULL,NULL),(99,46,22,0,NULL,NULL,12,5,NULL,NULL,NULL),(100,46,21,0,NULL,NULL,13,6,NULL,NULL,NULL),(101,46,20,2,NULL,NULL,14,7,1692230633,1692230650,'SJFXGHMCWFXBRTEX'),(102,46,19,0,NULL,NULL,15,2,NULL,NULL,NULL),(103,46,15,0,NULL,NULL,16,9,NULL,NULL,NULL),(104,46,14,0,NULL,NULL,17,5,NULL,NULL,NULL),(105,46,13,0,NULL,NULL,18,7,NULL,NULL,NULL),(106,46,11,0,NULL,NULL,19,7,NULL,NULL,NULL),(107,46,3,2,NULL,NULL,20,6,1692195988,1692195993,'VWWXOLOSMLHFREYZ'),(108,46,2,2,NULL,NULL,21,2,1692228908,1692228923,'WLJGTKVKFQBTFLPP'),(109,9,36,2,NULL,NULL,1,1,1692229868,1692229886,'IOXQWRWYGSDOTNZJ'),(110,9,35,2,NULL,NULL,2,2,1692190554,1692195855,'REIKRPJKUCGFFOPA'),(111,9,34,2,NULL,NULL,3,3,1692230486,1692230543,'NVDBQLPJWXLWZJSV'),(112,9,32,0,NULL,NULL,4,6,NULL,NULL,NULL),(113,9,31,0,NULL,NULL,5,4,NULL,NULL,NULL),(114,9,30,0,NULL,NULL,6,3,NULL,NULL,NULL),(115,9,29,0,NULL,NULL,7,4,NULL,NULL,NULL),(116,9,26,0,NULL,NULL,8,5,NULL,NULL,NULL),(117,9,25,0,NULL,NULL,9,5,NULL,NULL,NULL),(118,9,24,0,NULL,NULL,10,4,NULL,NULL,NULL),(119,9,23,0,NULL,NULL,11,5,NULL,NULL,NULL),(120,9,22,0,NULL,NULL,12,6,NULL,NULL,NULL),(121,9,21,0,NULL,NULL,13,7,NULL,NULL,NULL),(122,9,20,2,NULL,NULL,14,8,1692230633,1692230649,'TYGIZKFIBHKXZLOU'),(123,9,19,0,NULL,NULL,15,3,NULL,NULL,NULL),(124,9,15,0,NULL,NULL,16,10,NULL,NULL,NULL),(125,9,14,0,NULL,NULL,17,6,NULL,NULL,NULL),(126,9,13,0,NULL,NULL,18,8,NULL,NULL,NULL),(127,9,11,0,NULL,NULL,19,8,NULL,NULL,NULL),(128,9,3,2,NULL,NULL,20,7,1692195987,1692195992,'CPTCVHEANLDZCNNY'),(129,9,2,2,NULL,NULL,21,3,1692228907,1692228922,'YRBVHXWNFWZNZEJW'),(130,47,37,0,NULL,NULL,1,1,NULL,NULL,NULL),(131,47,36,2,NULL,NULL,2,2,1692229867,1692229882,'QSDNDTXTPPYZBSSL'),(132,47,35,1,NULL,NULL,3,3,1692230166,NULL,'ZDZDWAQCYZJCRTPN'),(133,47,34,2,NULL,NULL,4,4,1692230485,1692230542,'PLNJRGINJERSJMAR'),(134,47,33,2,NULL,NULL,5,4,1692195846,1692195847,'KYWFHUPXJTUVGGGQ'),(135,47,32,0,NULL,NULL,6,7,NULL,NULL,NULL),(136,47,31,0,NULL,NULL,7,5,NULL,NULL,NULL),(137,47,30,0,NULL,NULL,8,4,NULL,NULL,NULL),(138,47,29,0,NULL,NULL,9,5,NULL,NULL,NULL),(139,47,28,2,NULL,'반짝반짝 눈이 부셔 노노노노노 \n너무 짜릿 짜릿 눈이 떨려 지지지지지',10,2,1692195257,1692196037,'LHOPODDKAPYTIERJ'),(140,47,27,3,NULL,NULL,11,3,NULL,NULL,NULL),(141,47,26,0,NULL,NULL,12,6,NULL,NULL,NULL),(142,47,25,0,NULL,NULL,13,6,NULL,NULL,NULL),(143,47,24,0,NULL,NULL,14,5,NULL,NULL,NULL),(144,47,23,0,NULL,NULL,15,6,NULL,NULL,NULL),(145,47,22,1,NULL,NULL,16,7,1692238426,NULL,'QBYPJTXYUQTWVWRQ'),(146,47,21,0,NULL,NULL,17,8,NULL,NULL,NULL),(147,47,20,2,NULL,NULL,18,9,1692230632,1692230648,'AEUGBQGBHSFDDGOS'),(148,47,19,0,NULL,NULL,19,4,NULL,NULL,NULL),(149,47,15,0,NULL,NULL,20,11,NULL,NULL,NULL),(150,47,14,0,NULL,NULL,21,7,NULL,NULL,NULL),(151,47,13,0,NULL,NULL,22,9,NULL,NULL,NULL),(152,47,11,0,NULL,NULL,23,9,NULL,NULL,NULL),(153,47,10,2,NULL,NULL,24,6,1692195541,1692195543,'CAZNVLUNCBXFIAFQ'),(154,47,9,1,NULL,NULL,25,5,1692232513,NULL,'ZXJXGBLGKMRUGPDB'),(155,47,4,0,NULL,NULL,26,7,NULL,NULL,NULL),(156,47,3,2,NULL,NULL,27,8,1692195985,1692195991,'TCWRUAINLNBTCWLJ'),(157,47,2,2,NULL,NULL,28,4,1692228906,1692228921,'BTYCRBMFNFKZNIKE'),(158,39,38,2,'화면이  반짝여요',NULL,2,1,1692196044,1692196048,'ZLTHJUGQEJEKXWGC'),(159,39,37,0,NULL,NULL,3,2,NULL,NULL,NULL),(160,39,31,0,NULL,NULL,4,6,NULL,NULL,NULL),(161,39,29,0,NULL,NULL,5,6,NULL,NULL,NULL),(162,39,21,0,NULL,NULL,6,9,NULL,NULL,NULL),(163,39,34,2,'머 이렇게 생겻냐',NULL,7,5,1692230484,1692230541,'UHWDUSTXKZMSPHOF'),(164,49,38,2,NULL,NULL,1,2,1692196043,1692196047,'UXIGETAUVJWRCYJE'),(165,15,39,2,NULL,NULL,2,1,1692196098,1692231210,'VVUBGPOANJQXIMZZ'),(166,15,38,2,NULL,NULL,3,3,1692196042,1692196045,'JBZPUWBGMIRKLYQI'),(167,49,32,0,NULL,NULL,2,8,NULL,NULL,NULL),(168,15,37,0,NULL,NULL,4,3,NULL,NULL,NULL),(169,15,36,2,NULL,NULL,5,3,1692229866,1692229879,'ZRIGQYOZHCIDMHFV'),(170,49,37,0,NULL,NULL,3,4,NULL,NULL,NULL),(171,15,35,2,NULL,NULL,6,4,1692230165,1692231209,'ADUOCJIOCGZUPFML'),(172,15,34,2,NULL,NULL,7,6,1692230484,1692230540,'FZQIPTHTGEXFBZZO'),(173,15,33,2,NULL,NULL,8,5,1692230716,1692230725,'CDRZVDGWTUVODGLF'),(174,15,31,0,NULL,NULL,9,7,NULL,NULL,NULL),(175,15,30,0,NULL,NULL,10,5,NULL,NULL,NULL),(176,49,4,0,NULL,NULL,4,8,NULL,NULL,NULL),(177,15,29,0,NULL,NULL,11,7,NULL,NULL,NULL),(179,49,28,2,'이쁘십니다\n그저 빛입니다','골프는 잘쳐도  노래는 영\n',5,3,1692195969,1692195998,'NSTTXDJPPHYLFHCI'),(180,15,26,0,NULL,NULL,13,7,NULL,NULL,NULL),(181,15,24,0,NULL,NULL,14,6,NULL,NULL,NULL),(182,15,23,0,NULL,NULL,15,7,NULL,NULL,NULL),(183,49,30,0,NULL,NULL,6,6,NULL,NULL,NULL),(184,15,22,2,NULL,NULL,16,8,1692238418,1692253892,'GFYIRNYIHIHXYCCH'),(185,15,21,0,NULL,NULL,17,10,NULL,NULL,NULL),(186,15,20,2,NULL,NULL,18,10,1692230630,1692230645,'HUNMGTVDJKLNHLZH'),(187,49,29,0,NULL,NULL,7,8,NULL,NULL,NULL),(188,15,19,0,NULL,NULL,19,5,NULL,NULL,NULL),(189,15,14,0,NULL,NULL,20,8,NULL,NULL,NULL),(190,15,2,2,NULL,NULL,21,5,1692228905,1692228920,'VHINKXRMBYNMXFXE'),(191,15,4,0,NULL,NULL,22,9,NULL,NULL,NULL),(192,15,9,2,NULL,NULL,23,6,1692232513,1692246657,'ZNRHCUHRQQTOBWNQ'),(193,15,10,2,NULL,NULL,24,7,1692230209,1692230381,'WHCDIQRAWBYUPCWF'),(194,15,11,0,NULL,NULL,25,10,NULL,NULL,NULL),(195,15,13,0,NULL,NULL,26,10,NULL,NULL,NULL),(196,50,9,2,'fwewef',NULL,1,7,1692197302,1692197304,'NXGARUFHULFEZKEU'),(197,23,35,1,NULL,NULL,3,5,1692230165,NULL,'EOGOFSMPDGCPTSZU'),(198,19,34,2,NULL,NULL,15,7,1692230483,1692230539,'HYWRCKLGIYOYHIVT'),(199,19,28,2,NULL,'B형 본다고  악기에 집중안함 ',16,4,1692230557,1692231401,'KANMEURAOHNJHREO'),(200,52,39,0,NULL,NULL,1,2,NULL,NULL,NULL),(201,52,38,2,NULL,NULL,2,4,1692228855,1692229108,'OGFFXOKBMNVDKZGJ'),(202,52,37,0,NULL,NULL,3,5,NULL,NULL,NULL),(203,52,36,2,NULL,NULL,4,4,1692229864,1692229877,'CYLPEIZHMRMIGWMJ'),(204,52,35,2,NULL,NULL,5,6,1692230164,1692231510,'QXNSNSOUVZHNEMWC'),(205,52,34,2,NULL,NULL,6,8,1692230482,1692230537,'UBRTOEUQXGOTJPIQ'),(206,52,33,2,NULL,NULL,7,6,1692230715,1692230724,'SZLEJFMMOOCUZJPZ'),(207,52,32,0,NULL,NULL,8,9,NULL,NULL,NULL),(208,52,31,0,NULL,NULL,9,8,NULL,NULL,NULL),(209,52,30,0,NULL,NULL,10,7,NULL,NULL,NULL),(210,52,29,0,NULL,NULL,11,9,NULL,NULL,NULL),(211,52,28,2,NULL,'응애',12,5,1692230564,1692231508,'PCPPUHDNXGFQEIUQ'),(212,52,27,2,NULL,NULL,13,5,1692231600,1692231688,'LSUIGZSQLTFTNRUI'),(213,52,26,0,NULL,NULL,14,8,NULL,NULL,NULL),(214,52,25,0,NULL,NULL,15,7,NULL,NULL,NULL),(215,52,24,0,NULL,NULL,16,7,NULL,NULL,NULL),(216,52,23,0,NULL,NULL,17,8,NULL,NULL,NULL),(217,52,22,1,NULL,NULL,18,9,1692238417,NULL,'XYNTXLYFAVZBMHFM'),(218,52,21,0,NULL,NULL,19,11,NULL,NULL,NULL),(219,52,20,2,NULL,NULL,20,11,1692230629,1692230644,'BKFSORTPASJYWPNF'),(220,52,19,0,NULL,NULL,21,6,NULL,NULL,NULL),(221,52,15,0,NULL,NULL,22,12,NULL,NULL,NULL),(222,52,14,0,NULL,NULL,23,9,NULL,NULL,NULL),(223,52,13,2,NULL,NULL,24,11,1692314167,1692314187,'IPUVGNPZFYKDTGHY'),(224,52,11,0,NULL,NULL,25,11,NULL,NULL,NULL),(225,52,10,2,NULL,NULL,26,8,1692230208,1692230378,'HNQQVBXQFQSPLYUD'),(226,52,9,1,NULL,NULL,27,8,1692232511,NULL,'GCFMJBWTGGILZPGA'),(227,52,4,0,NULL,NULL,28,10,NULL,NULL,NULL),(228,52,3,2,NULL,NULL,29,9,1692231216,1692231223,'YUKFYYJSSUQSGKOX'),(229,52,2,2,NULL,NULL,30,6,1692228902,1692228917,'LWBZQOELDSNJYPNQ'),(230,53,41,1,NULL,'자꾸 트월킹함\n',1,1,1692228976,NULL,'JXFAGXHSYCABIQSO'),(231,53,39,0,NULL,NULL,2,3,NULL,NULL,NULL),(232,53,37,0,NULL,NULL,3,6,NULL,NULL,NULL),(233,51,42,0,NULL,NULL,1,1,NULL,NULL,NULL),(234,53,25,0,NULL,NULL,4,8,NULL,NULL,NULL),(235,53,28,2,NULL,'에스파 미만잡',5,6,1692230559,1692316851,'ADJHLKCMLAYGMVRT'),(236,53,24,0,NULL,NULL,6,8,NULL,NULL,NULL),(237,51,40,2,NULL,NULL,2,1,1692229334,1692229343,'XBYTTJYLMNOLEHCF'),(238,52,41,2,NULL,'자꾸 핵 떨군다고 협박함',31,2,1692228977,1692229324,'SFILYFGCQEAHUYRY'),(239,52,42,0,NULL,NULL,32,2,NULL,NULL,NULL),(240,7,42,0,NULL,NULL,1,3,NULL,NULL,NULL),(241,7,41,1,NULL,'이 학생 구제불능이네요 정말\n\n학습능력이 떨어져서\n\n앞으로도 많은 발전이 필요합니다.',2,3,1692228973,NULL,'ZZHIVWNIHQIZJLDP'),(242,7,40,2,NULL,NULL,3,2,1692229332,1692229342,'ZXXBWIAXONNFDHPI'),(243,7,39,0,NULL,NULL,4,4,NULL,NULL,NULL),(244,7,38,2,NULL,NULL,5,5,1692229099,1692229107,'QCDHJDZDCFDZKQFC'),(245,7,37,0,NULL,NULL,6,7,NULL,NULL,NULL),(246,7,36,2,NULL,NULL,7,5,1692229863,1692229876,'HREWWQFOQVVTDLZH'),(247,7,35,1,NULL,NULL,8,7,1692230163,NULL,'RJDMJQIPJCVGDFRE'),(248,7,34,2,NULL,NULL,9,9,1692230480,1692230536,'ETITWGVFWKBJQSGB'),(249,7,33,2,NULL,NULL,10,7,1692230714,1692230723,'NTAYDYHSUKQZOZBI'),(250,7,32,0,NULL,NULL,11,10,NULL,NULL,NULL),(251,7,31,0,NULL,NULL,12,9,NULL,NULL,NULL),(252,7,30,0,NULL,NULL,13,8,NULL,NULL,NULL),(253,7,29,0,NULL,NULL,14,10,NULL,NULL,NULL),(254,7,28,1,NULL,'누구세요?',15,7,1692230565,NULL,'SWLSXYPMKFTXEONU'),(255,7,27,1,NULL,NULL,16,6,1692231602,NULL,'ZJYBZMLMKRRYBCZG'),(256,7,26,0,NULL,NULL,17,9,NULL,NULL,NULL),(257,7,25,0,NULL,NULL,18,9,NULL,NULL,NULL),(258,7,24,0,NULL,NULL,19,9,NULL,NULL,NULL),(259,7,23,0,NULL,NULL,20,9,NULL,NULL,NULL),(260,7,22,1,NULL,NULL,21,10,1692238415,NULL,'SPEFIIASZKUZISYT'),(261,7,21,0,NULL,NULL,22,12,NULL,NULL,NULL),(262,7,20,2,NULL,NULL,23,12,1692230618,1692230642,'GLJTOXFILPGWCFZU'),(263,7,19,0,NULL,NULL,24,7,NULL,NULL,NULL),(264,7,15,0,NULL,NULL,25,13,NULL,NULL,NULL),(265,7,14,0,NULL,NULL,26,10,NULL,NULL,NULL),(266,7,13,0,NULL,NULL,27,12,NULL,NULL,NULL),(267,7,11,0,NULL,NULL,28,12,NULL,NULL,NULL),(268,7,10,2,NULL,NULL,29,9,1692230207,1692230373,'GZYFEBLZWHRBYSXU'),(269,7,9,1,NULL,NULL,30,9,1692232511,NULL,'WXOVJYLJWDFOVOKG'),(270,7,4,0,NULL,NULL,31,11,NULL,NULL,NULL),(271,7,3,2,NULL,NULL,32,10,1692231215,1692231222,'YWDBTNAXUGTAJICO'),(272,51,39,0,NULL,NULL,3,5,NULL,NULL,NULL),(273,51,33,2,NULL,NULL,4,8,1692230713,1692230721,'OOUUSESRNHZCNZUB'),(274,8,42,0,NULL,NULL,1,4,NULL,NULL,NULL),(275,8,41,0,NULL,NULL,2,4,NULL,NULL,NULL),(276,51,29,0,NULL,NULL,5,11,NULL,NULL,NULL),(277,8,40,2,NULL,NULL,3,3,1692229330,1692229340,'IHOKYGGNHDIWXEZY'),(278,8,39,0,NULL,NULL,4,6,NULL,NULL,NULL),(279,8,38,2,NULL,NULL,5,6,1692229098,1692230325,'DIQWWFQVALGUZBUV'),(280,8,37,0,NULL,NULL,6,8,NULL,NULL,NULL),(281,8,36,2,NULL,NULL,7,6,1692229861,1692229874,'QVMSHKHMTNSCDRZA'),(282,8,35,2,NULL,NULL,8,8,1692230281,1692230318,'PKOCIPDSEMLQOYQG'),(283,8,34,2,NULL,NULL,9,10,1692230479,1692230534,'YOIDINHNCFCCWXFT'),(284,8,33,2,NULL,NULL,10,9,1692230712,1692230720,'EZZQEHFXPECKWOTJ'),(285,8,32,0,NULL,NULL,11,11,NULL,NULL,NULL),(286,8,31,0,NULL,NULL,12,10,NULL,NULL,NULL),(287,8,30,0,NULL,NULL,13,9,NULL,NULL,NULL),(288,8,29,0,NULL,NULL,14,12,NULL,NULL,NULL),(289,8,28,1,NULL,'난 드럼 잘 못하는데 ;;',15,8,1692230554,NULL,'YOZFBGMZDQVVDGGB'),(290,8,27,2,NULL,NULL,16,7,1692231599,1692231617,'GNZLVLHAMXXDDDQU'),(291,8,26,0,NULL,NULL,17,10,NULL,NULL,NULL),(292,8,25,0,NULL,NULL,18,10,NULL,NULL,NULL),(293,8,24,0,NULL,NULL,19,10,NULL,NULL,NULL),(294,8,23,0,NULL,NULL,20,10,NULL,NULL,NULL),(295,8,22,1,NULL,NULL,21,11,1692238414,NULL,'HWLGWVPOVFRKDQQY'),(296,8,21,0,NULL,NULL,22,13,NULL,NULL,NULL),(297,8,20,2,NULL,NULL,23,13,1692230617,1692230640,'LWFPNQFGTSUCWNXM'),(298,8,19,0,NULL,NULL,24,8,NULL,NULL,NULL),(299,8,15,0,NULL,NULL,25,14,NULL,NULL,NULL),(300,8,14,0,NULL,NULL,26,11,NULL,NULL,NULL),(301,8,13,0,NULL,NULL,27,13,NULL,NULL,NULL),(302,8,11,0,NULL,NULL,28,13,NULL,NULL,NULL),(303,8,10,2,NULL,NULL,29,10,1692230205,1692230399,'ZTXGNNJFUEKHHLLR'),(304,54,37,0,NULL,NULL,1,9,NULL,NULL,NULL),(305,8,9,1,NULL,NULL,30,10,1692232510,NULL,'PCPRBBRIKIWCMSIH'),(306,8,4,0,NULL,NULL,31,12,NULL,NULL,NULL),(307,8,3,2,NULL,NULL,32,11,1692231214,1692231220,'JOOXGGMOUJLOPRES'),(308,54,42,0,NULL,NULL,2,5,NULL,NULL,NULL),(309,8,2,2,NULL,NULL,33,7,1692230414,1692230421,'MZYOKSJPGZXVHTOQ'),(310,54,36,2,NULL,NULL,3,7,1692229860,1692229872,'CHKJNOOFJKXJHUUD'),(311,54,28,1,NULL,'맨날 군대에서 축구한 이야기해요',4,9,1692230550,NULL,'NVWSSCIHAPJPDKJS'),(312,54,38,2,NULL,NULL,5,7,1692229096,1692229103,'YBEEOSMZRCCRPHZJ'),(313,51,43,0,NULL,NULL,6,1,NULL,NULL,NULL),(314,55,40,2,NULL,NULL,1,4,1692229328,1692229338,'VCQKKQRXRCQWEYUF'),(315,55,41,0,NULL,NULL,2,5,NULL,NULL,NULL),(316,55,43,0,NULL,NULL,3,2,NULL,NULL,NULL),(317,55,15,0,NULL,NULL,4,15,NULL,NULL,NULL),(318,55,4,0,NULL,NULL,5,13,NULL,NULL,NULL),(319,52,44,0,NULL,NULL,33,1,NULL,NULL,NULL),(320,52,43,0,NULL,NULL,34,3,NULL,NULL,NULL),(321,19,2,0,NULL,NULL,17,8,NULL,NULL,NULL),(322,19,3,2,NULL,NULL,18,12,1692231213,1692231219,'ZWUGYIQEPEKJCXCO'),(323,19,29,0,NULL,NULL,19,13,NULL,NULL,NULL),(324,19,44,0,NULL,NULL,20,2,NULL,NULL,NULL),(325,19,43,0,NULL,NULL,21,4,NULL,NULL,NULL),(326,19,42,0,NULL,NULL,22,6,NULL,NULL,NULL),(327,19,41,0,NULL,NULL,23,6,NULL,NULL,NULL),(328,19,40,2,NULL,NULL,24,5,1692229728,1692229731,'YVLTAGCZWVVEEFIB'),(329,19,39,0,NULL,NULL,25,7,NULL,NULL,NULL),(330,19,33,2,NULL,NULL,26,10,1692230711,1692230718,'NNJDRBXIZUVSGCCR'),(331,56,44,0,NULL,NULL,1,3,NULL,NULL,NULL),(332,56,42,0,NULL,NULL,2,7,NULL,NULL,NULL),(333,56,43,0,NULL,NULL,3,5,NULL,NULL,NULL),(334,56,30,0,NULL,NULL,4,10,NULL,NULL,NULL),(335,56,32,0,NULL,NULL,5,12,NULL,NULL,NULL),(336,56,26,0,NULL,NULL,6,11,NULL,NULL,NULL),(337,19,45,0,NULL,NULL,27,1,NULL,NULL,NULL),(338,46,45,0,NULL,NULL,22,2,NULL,NULL,NULL),(339,46,44,0,NULL,NULL,23,4,NULL,NULL,NULL),(340,46,43,0,NULL,NULL,24,6,NULL,NULL,NULL),(341,46,42,0,NULL,NULL,25,8,NULL,NULL,NULL),(342,46,41,0,NULL,NULL,26,7,NULL,NULL,NULL),(343,46,40,2,NULL,NULL,27,6,1692231515,1692231699,'PNYZGGUHXJLRRZKN'),(344,46,39,0,NULL,NULL,28,8,NULL,NULL,NULL),(345,46,38,0,NULL,NULL,29,8,NULL,NULL,NULL),(346,46,37,0,NULL,NULL,30,10,NULL,NULL,NULL),(347,57,44,0,NULL,NULL,1,5,NULL,NULL,NULL),(348,58,46,0,NULL,NULL,1,1,NULL,NULL,NULL),(349,19,46,1,NULL,NULL,28,2,1692317504,NULL,'RWKMGMVEPOIBQGWT'),(350,19,40,2,NULL,NULL,29,7,1692231515,1692231698,'VMHUNCVZZGRHTZFN'),(351,19,38,0,NULL,NULL,30,9,NULL,NULL,NULL),(352,59,45,0,NULL,NULL,1,3,NULL,NULL,NULL),(353,59,39,0,NULL,NULL,2,9,NULL,NULL,NULL),(354,59,32,0,NULL,NULL,3,13,NULL,NULL,NULL),(355,59,35,0,NULL,NULL,4,9,NULL,NULL,NULL),(356,59,28,1,NULL,'말을 아주 잘들어요',5,10,1692230555,NULL,'YVSFPWBPORDIHLDB'),(357,59,30,0,NULL,NULL,6,11,NULL,NULL,NULL),(358,44,47,0,NULL,NULL,12,1,NULL,NULL,NULL),(359,44,46,1,NULL,NULL,13,3,1692317510,NULL,'NYTHXJOHSMRKVKCE'),(360,44,45,0,NULL,NULL,14,4,NULL,NULL,NULL),(361,44,44,0,NULL,NULL,15,6,NULL,NULL,NULL),(362,44,43,0,NULL,NULL,16,7,NULL,NULL,NULL),(363,44,42,0,NULL,NULL,17,9,NULL,NULL,NULL),(364,44,41,0,NULL,NULL,18,8,NULL,NULL,NULL),(365,44,40,2,NULL,NULL,19,8,1692231514,1692231697,'VMYPONUUUEWUUZJL'),(366,44,39,0,NULL,NULL,20,10,NULL,NULL,NULL),(367,44,38,0,NULL,NULL,21,10,NULL,NULL,NULL),(368,44,37,0,NULL,NULL,22,11,NULL,NULL,NULL),(369,44,36,0,NULL,NULL,23,8,NULL,NULL,NULL),(370,44,35,0,NULL,NULL,24,10,NULL,NULL,NULL),(371,38,47,0,NULL,NULL,3,2,NULL,NULL,NULL),(372,38,48,1,NULL,NULL,4,1,1692313719,NULL,'MVCOIQONHIOQCRND'),(373,19,48,1,NULL,NULL,31,2,1692313717,NULL,'MYYNIEGHROHWHZRC'),(374,60,47,0,NULL,NULL,1,3,NULL,NULL,NULL),(375,60,46,1,NULL,NULL,2,4,1692317509,NULL,'SYVKDUOUAQXRCPNX'),(376,60,45,0,NULL,NULL,3,5,NULL,NULL,NULL),(377,60,44,0,NULL,NULL,4,7,NULL,NULL,NULL),(378,60,43,0,NULL,NULL,5,8,NULL,NULL,NULL),(379,60,42,0,NULL,NULL,6,10,NULL,NULL,NULL),(380,60,41,0,NULL,NULL,7,9,NULL,NULL,NULL),(381,60,40,2,NULL,NULL,8,9,1692231693,1692231695,'OBMFWFBJTHPJEPON'),(382,60,39,1,NULL,NULL,9,11,1692234601,NULL,'LKGRCRAGSLVRGLDL'),(383,60,38,0,NULL,NULL,10,11,NULL,NULL,NULL),(384,60,37,0,NULL,NULL,11,12,NULL,NULL,NULL),(385,60,36,0,NULL,NULL,12,9,NULL,NULL,NULL),(386,38,45,0,NULL,NULL,5,6,NULL,NULL,NULL),(387,60,35,0,NULL,NULL,13,11,NULL,NULL,NULL),(388,60,34,0,NULL,NULL,14,11,NULL,NULL,NULL),(389,60,33,0,NULL,NULL,15,11,NULL,NULL,NULL),(390,60,32,0,NULL,NULL,16,14,NULL,NULL,NULL),(391,60,31,0,NULL,NULL,17,11,NULL,NULL,NULL),(392,60,30,0,NULL,NULL,18,12,NULL,NULL,NULL),(393,60,29,0,NULL,NULL,19,14,NULL,NULL,NULL),(394,60,28,2,NULL,NULL,20,11,1692235183,1692260236,'SDCOIZUDNRLFPVET'),(395,60,27,0,NULL,NULL,21,8,NULL,NULL,NULL),(396,60,26,0,NULL,NULL,22,12,NULL,NULL,NULL),(397,60,25,0,NULL,NULL,23,11,NULL,NULL,NULL),(398,60,24,0,NULL,NULL,24,11,NULL,NULL,NULL),(399,60,23,0,NULL,NULL,25,11,NULL,NULL,NULL),(400,60,22,1,NULL,NULL,26,12,1692238412,NULL,'XUYGCRMVOSQSPQVJ'),(401,60,21,0,NULL,NULL,27,14,NULL,NULL,NULL),(402,60,20,0,NULL,NULL,28,14,NULL,NULL,NULL),(403,60,19,0,NULL,NULL,29,9,NULL,NULL,NULL),(404,60,15,0,NULL,NULL,30,16,NULL,NULL,NULL),(405,60,14,1,NULL,NULL,31,12,1692314623,NULL,'CYYREIQRLCNEVOBI'),(406,60,13,3,NULL,NULL,32,14,NULL,NULL,NULL),(407,60,11,0,NULL,NULL,33,14,NULL,NULL,NULL),(408,60,10,2,NULL,NULL,34,11,1692234596,1692313699,'IJMRTYIMCOHHJJRZ'),(409,60,9,1,NULL,NULL,35,11,1692232508,NULL,'QHPUSSSUMVKGHKYV'),(410,60,4,0,NULL,NULL,36,14,NULL,NULL,NULL),(411,60,3,1,NULL,'윈터솔져\n',37,13,1692246003,NULL,'KZUDILBTAWSVQFRO'),(412,60,2,0,NULL,NULL,38,9,NULL,NULL,NULL),(413,19,9,2,NULL,NULL,32,12,1692234836,1692246962,'SFKUSVBWIHPYMOTV'),(414,62,28,1,NULL,'기타좀 치네',1,12,1692234907,NULL,'JPGDRRLFRUSMNRVP'),(415,39,33,0,NULL,NULL,8,12,NULL,NULL,NULL),(416,63,48,1,NULL,NULL,1,3,1692313721,NULL,'ITQYFQSLTUIWWNCA'),(417,63,50,1,NULL,NULL,2,1,1692238875,NULL,'EGDYUTZFLDSQSHFP'),(418,65,50,1,NULL,NULL,1,2,1692238873,NULL,'FQQNLSMBZZJWGXFE'),(419,65,42,0,NULL,NULL,2,11,NULL,NULL,NULL),(420,65,41,0,NULL,NULL,3,10,NULL,NULL,NULL),(421,65,38,0,NULL,NULL,4,12,NULL,NULL,NULL),(422,65,33,0,NULL,NULL,5,13,NULL,NULL,NULL),(423,62,46,1,NULL,NULL,2,5,1692317507,NULL,'IDNYOEFCTCUKMCWH'),(424,27,51,2,NULL,'바보야',2,1,1692236653,1692236656,'OWUAHEPQRTXRVHXC'),(425,31,50,1,NULL,NULL,1,3,1692238868,NULL,'QWGMLHZGDTTFZGFF'),(426,31,48,1,NULL,NULL,2,4,1692313715,NULL,'IBOCWTTBVVKOVRHY'),(427,31,28,1,NULL,NULL,3,13,1692236669,NULL,'DTPEOAGYGKQKKJLP'),(428,31,4,0,NULL,NULL,4,15,NULL,NULL,NULL),(429,39,52,0,NULL,NULL,9,1,NULL,NULL,NULL),(430,68,48,1,NULL,NULL,1,5,1692313714,NULL,'SJKWGZGYJDYPEMAQ'),(431,63,52,0,NULL,NULL,3,2,NULL,NULL,NULL),(432,19,52,0,NULL,NULL,33,3,NULL,NULL,NULL),(433,68,41,0,NULL,NULL,2,11,NULL,NULL,NULL),(434,68,40,0,NULL,NULL,3,10,NULL,NULL,NULL),(435,69,44,0,NULL,NULL,1,8,NULL,NULL,NULL),(436,70,52,0,NULL,NULL,1,4,NULL,NULL,NULL),(437,70,46,1,NULL,NULL,2,6,1692317506,NULL,'TYOGOZKNIZGVWWWB'),(438,60,52,0,NULL,NULL,39,5,NULL,NULL,NULL),(439,60,53,1,NULL,NULL,40,1,1692251806,NULL,'XHPIUSNATXRRGHMJ'),(440,32,53,2,'ㅁㅁㅁ\nㅁㅁㅁ',NULL,6,2,1692238398,1692238464,'DEVJYYQMTDGIBZDZ'),(441,62,54,0,NULL,NULL,3,1,NULL,NULL,NULL),(442,70,36,0,NULL,NULL,3,10,NULL,NULL,NULL),(443,19,54,0,NULL,NULL,34,2,NULL,NULL,NULL),(444,20,3,2,NULL,NULL,5,14,1692246128,1692246176,'GVTVJQYYZRVUPLOD'),(445,20,3,3,NULL,NULL,6,15,NULL,NULL,NULL),(446,73,55,0,NULL,NULL,1,1,NULL,NULL,NULL),(451,75,48,1,NULL,NULL,1,6,1692313711,NULL,'UJCHGSOLACAJXBBD'),(452,75,45,0,NULL,NULL,2,7,NULL,NULL,NULL),(453,75,38,0,NULL,NULL,3,13,NULL,NULL,NULL),(455,19,9,3,NULL,NULL,35,14,NULL,NULL,NULL),(456,75,10,2,'비추천',NULL,4,12,1692247405,1692247999,'LBQVIIJBSYVURWZR'),(457,75,3,0,NULL,NULL,5,16,NULL,NULL,NULL),(458,76,28,1,NULL,NULL,1,14,1692247622,NULL,'JTSNSWKCXEEZUPYS'),(459,76,43,0,NULL,NULL,2,9,NULL,NULL,NULL),(460,76,22,2,'',NULL,3,13,1692247714,1692248437,'VWHCUHKHHGRVKXGJ'),(461,76,15,0,NULL,NULL,4,17,NULL,NULL,NULL),(462,77,55,2,'메모적었어요',NULL,1,2,1692248723,1692248974,'MPKCKOUZOEGVLQYN'),(463,78,53,1,NULL,NULL,1,3,1692249062,NULL,'ERWZCMIGNTLIXKTF'),(464,79,52,0,NULL,NULL,1,6,NULL,NULL,NULL),(465,72,57,3,NULL,NULL,1,1,NULL,NULL,NULL),(466,19,57,2,NULL,NULL,36,2,1692249239,1692261546,'HPPKFTZUFTGNPUCW'),(467,70,9,1,NULL,NULL,4,15,1692252751,NULL,'ASAQJTVMJQEHBABQ'),(468,20,53,2,'학생이 작성하는 강사에 대한 메모입니다.\n이 메모는 강사에게 보이지 않습니다.\n메모는 강의가 완료되어도 작성하거나 수정할 수 있습니다.',NULL,7,4,1692251822,1692251875,'KLJHOKYSHFGTACDW'),(469,60,57,0,NULL,NULL,41,3,NULL,NULL,NULL),(470,15,56,0,NULL,NULL,27,1,NULL,NULL,NULL),(471,73,3,2,NULL,NULL,2,17,1692254443,1692254444,'AYFUILALBHFFFCLB'),(475,73,9,2,NULL,NULL,3,16,1692255675,1692255688,'PABEDKGFKLYBLJMJ'),(476,58,3,2,'상냥한 강사님.',NULL,2,18,1692255931,1692256003,'ZJMLKXCUEZYFVDIR'),(478,20,56,1,NULL,NULL,8,3,1692256759,NULL,'UVJNRIPJSMIJULGR'),(483,73,28,0,NULL,NULL,4,18,NULL,NULL,NULL),(484,20,28,0,NULL,NULL,9,19,NULL,NULL,NULL),(485,21,28,0,NULL,NULL,3,20,NULL,NULL,NULL),(486,15,28,1,NULL,NULL,28,21,1692317101,NULL,'WBSJSLDKKYFUWMBY'),(487,19,28,1,NULL,NULL,37,22,1692316859,NULL,'ARXCYPMDNZFTRYKH'),(488,60,28,1,NULL,NULL,42,23,1692316857,NULL,'HPPEWEXXXINCCWPD'),(489,73,9,2,NULL,NULL,5,17,1692261959,1692261972,'JOIRFZUDFTCKUZVI'),(495,15,10,0,NULL,NULL,29,13,NULL,NULL,NULL),(496,15,40,0,NULL,NULL,30,11,NULL,NULL,NULL),(497,47,40,0,NULL,NULL,29,12,NULL,NULL,NULL),(498,58,3,0,NULL,NULL,3,19,NULL,NULL,NULL),(499,52,20,0,NULL,NULL,35,15,NULL,NULL,NULL),(500,60,10,0,NULL,NULL,43,14,NULL,NULL,NULL),(501,20,10,1,NULL,NULL,10,15,1692319302,NULL,'YGQNSJXWJOXWRMHF');
/*!40000 ALTER TABLE `contact` ENABLE KEYS */;
UNLOCK TABLES;

--
-- Table structure for table `event`
--

DROP TABLE IF EXISTS `event`;
/*!40101 SET @saved_cs_client     = @@character_set_client */;
/*!50503 SET character_set_client = utf8mb4 */;
CREATE TABLE `event` (
  `event_id` int NOT NULL AUTO_INCREMENT,
  `user_id` int DEFAULT NULL,
  `message` varchar(255) DEFAULT NULL,
  `type` int DEFAULT NULL,
  `time` int DEFAULT (unix_timestamp()),
  PRIMARY KEY (`event_id`),
  KEY `dasf_idx` (`user_id`),
  CONSTRAINT `dasf` FOREIGN KEY (`user_id`) REFERENCES `user` (`user_id`)
) ENGINE=InnoDB AUTO_INCREMENT=73 DEFAULT CHARSET=utf8mb4 COLLATE=utf8mb4_0900_ai_ci;
/*!40101 SET character_set_client = @saved_cs_client */;

--
-- Dumping data for table `event`
--

LOCK TABLES `event` WRITE;
/*!40000 ALTER TABLE `event` DISABLE KEYS */;
INSERT INTO `event` VALUES (3,21,'카리나 강사가 강의를 거절했습니다.',2,1692257824),(6,21,'카리나 강사가 강의를 거절했습니다.',2,1692259347),(13,39,'플레처 학생에게 강의 신청이 왔습니다.',5,1692259895),(14,39,'김상혁 학생에게 강의 신청이 왔습니다.',5,1692259907),(15,39,'윈터 학생과의 강의가 완료되었습니다.',6,1692260236),(18,77,'김상혁 학생과의 강의가 완료되었습니다.',6,1692261546),(22,21,'타마마 학생과의 강의가 완료되었습니다.',6,1692261972),(23,73,'rin 강사와의 강의가 완료되었습니다.',3,1692261972),(24,21,'타마마 학생에게 강의 신청이 왔습니다.',5,1692261982),(25,73,'rin 강사가 강의를 거절했습니다.',2,1692262002),(26,73,'rin 학생에게 강의 신청이 왔습니다.',5,1692262046),(27,21,'타마마 강사가 강의를 거절했습니다.',2,1692262060),(35,52,'플레처 학생에게 강의 신청이 왔습니다.',5,1692275481),(36,52,'한석원 학생에게 강의 신청이 왔습니다.',5,1692276942),(37,15,'용시연 학생에게 강의 신청이 왔습니다.',5,1692278373),(39,19,'윈터 학생과의 강의가 완료되었습니다.',6,1692313699),(41,75,'윈터 강사가 강의를 수락했습니다.',1,1692313711),(42,68,'윈터 강사가 강의를 수락했습니다.',1,1692313714),(43,31,'윈터 강사가 강의를 수락했습니다.',1,1692313715),(44,19,'윈터 강사가 강의를 수락했습니다.',1,1692313717),(45,38,'윈터 강사가 강의를 수락했습니다.',1,1692313719),(46,63,'윈터 강사가 강의를 수락했습니다.',1,1692313721),(47,19,'윈터 학생에게 강의 신청이 왔습니다.',5,1692314036),(48,60,'홍대오케스트라학원 강사가 강의를 거절했습니다.',2,1692314146),(49,29,'홍대오케스트라학원 강사가 강의를 수락했습니다.',1,1692314152),(50,19,'홍대오케스트라학원 강사가 강의를 수락했습니다.',1,1692314156),(52,52,'홍대오케스트라학원 강사가 강의를 수락했습니다.',1,1692314167),(53,44,'홍대오케스트라학원 강사가 강의를 수락했습니다.',1,1692314170),(55,52,'홍대오케스트라학원 강사와의 강의가 완료되었습니다.',3,1692314187),(57,44,'홍대오케스트라학원 강사와의 강의가 완료되었습니다.',3,1692314211),(58,60,'빈센트 반 고흐 강사가 강의를 수락했습니다.',1,1692314623),(59,19,'빈센트 반 고흐 강사가 강의를 수락했습니다.',1,1692314665),(61,39,'킴 카다시안 학생과의 강의가 완료되었습니다.',6,1692316851),(62,53,'카리나 강사와의 강의가 완료되었습니다.',3,1692316851),(63,60,'카리나 강사가 강의를 수락했습니다.',1,1692316857),(64,19,'카리나 강사가 강의를 수락했습니다.',1,1692316859),(65,15,'카리나 강사가 강의를 수락했습니다.',1,1692317101),(66,19,'푸린 강사가 강의를 수락했습니다.',1,1692317504),(67,70,'푸린 강사가 강의를 수락했습니다.',1,1692317506),(68,62,'푸린 강사가 강의를 수락했습니다.',1,1692317507),(69,60,'푸린 강사가 강의를 수락했습니다.',1,1692317509),(70,44,'푸린 강사가 강의를 수락했습니다.',1,1692317510),(71,19,'신우종 학생에게 강의 신청이 왔습니다.',5,1692319300),(72,20,'김상혁 강사가 강의를 수락했습니다.',1,1692319302);
/*!40000 ALTER TABLE `event` ENABLE KEYS */;
UNLOCK TABLES;

--
-- Table structure for table `favorite`
--

DROP TABLE IF EXISTS `favorite`;
/*!40101 SET @saved_cs_client     = @@character_set_client */;
/*!50503 SET character_set_client = utf8mb4 */;
CREATE TABLE `favorite` (
  `favorite_id` int NOT NULL AUTO_INCREMENT,
  `student_id` int NOT NULL,
  `teacher_id` int NOT NULL,
  PRIMARY KEY (`favorite_id`),
  KEY `user_to_like_FK_user_id` (`student_id`),
  KEY `teacher_to_like_FK_teacher_id` (`teacher_id`),
  CONSTRAINT `teacher_to_like_FK_teacher_id` FOREIGN KEY (`teacher_id`) REFERENCES `teacher` (`teacher_id`),
  CONSTRAINT `user_to_like_FK_user_id` FOREIGN KEY (`student_id`) REFERENCES `user` (`user_id`)
) ENGINE=InnoDB AUTO_INCREMENT=55 DEFAULT CHARSET=utf8mb4 COLLATE=utf8mb4_0900_ai_ci;
/*!40101 SET character_set_client = @saved_cs_client */;

--
-- Dumping data for table `favorite`
--

LOCK TABLES `favorite` WRITE;
/*!40000 ALTER TABLE `favorite` DISABLE KEYS */;
INSERT INTO `favorite` VALUES (1,18,9),(4,33,20),(5,33,4),(6,33,10),(7,42,30),(9,39,32),(11,39,37),(12,39,29),(13,39,21),(14,39,38),(15,49,38),(16,49,34),(17,49,29),(19,56,42),(20,61,48),(21,19,9),(23,63,50),(24,27,41),(25,27,36),(26,27,26),(27,31,50),(28,31,48),(29,31,28),(30,31,4),(31,39,52),(33,69,44),(34,69,4),(35,32,54),(36,19,52),(37,19,48),(38,19,28),(39,19,29),(40,19,4),(41,19,54),(42,70,52),(43,20,54),(44,20,3),(45,76,28),(46,76,15),(47,77,55),(48,78,53),(49,32,55),(50,70,57),(51,70,9),(52,77,53);
/*!40000 ALTER TABLE `favorite` ENABLE KEYS */;
UNLOCK TABLES;

--
-- Table structure for table `instrument`
--

DROP TABLE IF EXISTS `instrument`;
/*!40101 SET @saved_cs_client     = @@character_set_client */;
/*!50503 SET character_set_client = utf8mb4 */;
CREATE TABLE `instrument` (
  `instrument_id` int NOT NULL AUTO_INCREMENT,
  `instrument_name` varchar(20) DEFAULT NULL,
  PRIMARY KEY (`instrument_id`)
) ENGINE=InnoDB AUTO_INCREMENT=6 DEFAULT CHARSET=utf8mb4 COLLATE=utf8mb4_0900_ai_ci;
/*!40101 SET character_set_client = @saved_cs_client */;

--
-- Dumping data for table `instrument`
--

LOCK TABLES `instrument` WRITE;
/*!40000 ALTER TABLE `instrument` DISABLE KEYS */;
INSERT INTO `instrument` VALUES (1,'피아노'),(2,'기타'),(3,'드럼'),(4,'바이올린'),(5,'색소폰');
/*!40000 ALTER TABLE `instrument` ENABLE KEYS */;
UNLOCK TABLES;

--
-- Table structure for table `notice`
--

DROP TABLE IF EXISTS `notice`;
/*!40101 SET @saved_cs_client     = @@character_set_client */;
/*!50503 SET character_set_client = utf8mb4 */;
CREATE TABLE `notice` (
  `notice_id` int NOT NULL AUTO_INCREMENT,
  `title` varchar(255) DEFAULT NULL,
  `content` varchar(4000) DEFAULT NULL,
  `hit` int DEFAULT NULL,
  `created_at` int DEFAULT (unix_timestamp()),
  PRIMARY KEY (`notice_id`)
) ENGINE=InnoDB AUTO_INCREMENT=11 DEFAULT CHARSET=utf8mb4 COLLATE=utf8mb4_0900_ai_ci;
/*!40101 SET character_set_client = @saved_cs_client */;

--
-- Dumping data for table `notice`
--

LOCK TABLES `notice` WRITE;
/*!40000 ALTER TABLE `notice` DISABLE KEYS */;
INSERT INTO `notice` VALUES (1,'음악 과외 사이트 오픈 안내','저희 음악 과외 사이트가 오픈되었습니다. \n\n다양한 악기와 장르의 과외 수업을 제공합니다. \n\n교육 및 연습에 필요한 컨텐츠들을 확인해보세요!',1567,1673746200),(2,'여름방학 특별 할인 이벤트','여름방학 동안 음악 과외 수업을 신청하시면 10% 할인 혜택을 받으실 수 있습니다. \n\n기회를 놓치지 마세요!',2485,1679961600),(3,'신규 강사 모집 공고','저희 사이트에서 함께할 음악 강사를 모집합니다.\n\n전문적인 음악 지식과 경험이 있는 분들의 많은 지원 바랍니다.',872,1683272700),(4,'음악 과외 수강 신청 안내','음악 과외 수강을 원하시는 분들은 사이트를 방문하여 강의 내용 및 스케줄을 확인하시고 신청해주세요.',1349,1686282700),(6,'강사 등록시 주의사항!','안녕하세요 뚱땅뚱땅 악기라는 취미에 미치다 악취미 관리자입니다.\n\n강사정보 등록시 주의할점입니다.\n\n1. 휴대전화 번호 등록 금지\n    개인정보는 저희가 보호해드릴 수 없습니다. 휴대전화 번호를 등록해 개인정보가 유출되는 일이 없도록 해주세요.\n\n2. 경력과 무관한 사진 등록 금지\n     자신을 잘 나타낼 수 있는 사진을 등록해주세요.\n     ex) 자격증, 학위, 공연하고 있는 멋있는 사진 등등\n\n이후에도 추가될만한 공지사항은 등록하겠습니다.\n악기에 오늘도 미쳐봅시다. 감사합니다.',0,1692162117);
/*!40000 ALTER TABLE `notice` ENABLE KEYS */;
UNLOCK TABLES;

--
-- Table structure for table `notice_file`
--

DROP TABLE IF EXISTS `notice_file`;
/*!40101 SET @saved_cs_client     = @@character_set_client */;
/*!50503 SET character_set_client = utf8mb4 */;
CREATE TABLE `notice_file` (
  `notice_file_id` int NOT NULL AUTO_INCREMENT,
  `notice_id` int NOT NULL,
  `file_url` varchar(255) DEFAULT NULL,
  PRIMARY KEY (`notice_file_id`),
  KEY `notice_to_notice_file_FK_notice_id` (`notice_id`),
  CONSTRAINT `notice_to_notice_file_FK_notice_id` FOREIGN KEY (`notice_id`) REFERENCES `notice` (`notice_id`)
) ENGINE=InnoDB DEFAULT CHARSET=utf8mb4 COLLATE=utf8mb4_0900_ai_ci;
/*!40101 SET character_set_client = @saved_cs_client */;

--
-- Dumping data for table `notice_file`
--

LOCK TABLES `notice_file` WRITE;
/*!40000 ALTER TABLE `notice_file` DISABLE KEYS */;
/*!40000 ALTER TABLE `notice_file` ENABLE KEYS */;
UNLOCK TABLES;

--
-- Table structure for table `review`
--

DROP TABLE IF EXISTS `review`;
/*!40101 SET @saved_cs_client     = @@character_set_client */;
/*!50503 SET character_set_client = utf8mb4 */;
CREATE TABLE `review` (
  `review_id` int NOT NULL AUTO_INCREMENT,
  `contact_id` int NOT NULL,
  `rating` float DEFAULT NULL,
  `content` varchar(200) DEFAULT NULL,
  `created_at` int DEFAULT (unix_timestamp()),
  PRIMARY KEY (`review_id`),
  KEY `contact_to_review_FK_contact_id` (`contact_id`),
  CONSTRAINT `contact_to_review_FK_contact_id` FOREIGN KEY (`contact_id`) REFERENCES `contact` (`contact_id`)
) ENGINE=InnoDB AUTO_INCREMENT=115 DEFAULT CHARSET=utf8mb4 COLLATE=utf8mb4_0900_ai_ci;
/*!40101 SET character_set_client = @saved_cs_client */;

--
-- Dumping data for table `review`
--

LOCK TABLES `review` WRITE;
/*!40000 ALTER TABLE `review` DISABLE KEYS */;
INSERT INTO `review` VALUES (1,1,1,'친절하게 잘 가르쳐 주셨어요.',1692159929),(2,22,5,'잘생겼어요',1692162414),(3,39,5,'매우 상냥합니다.',1692164370),(4,48,3,'리뷰를 강요합니다 신고하겠습니다.',1692167446),(12,15,1,'여러번이 리뷰가 등록 가능해서 몇번 더 등록합니다',1692173811),(20,72,4,'박자를 정말 잘 맞추십니다.',1692190538),(21,71,5,'코러스가 정말 감미로워요.',1692190551),(25,196,5,'많은 도움이 됐어요!!',1692199081),(26,157,5,'좀 엄격하시지만 잘 가르쳐주셔요.',1692229167),(27,156,5,'엄청 상냥하셔요.',1692229182),(28,153,5,'행복하게 잘 가르쳐주세요.',1692229196),(29,139,3,'집중이 안 돼요.',1692229203),(30,134,5,'박자를 정말 잘 맞추세요.',1692229225),(31,56,5,'너무 무서워요',1692229356),(32,29,5,'두번이나 들었어요 재밌어요',1692229377),(33,27,3,'리듬에 맞춰 스핑 기타',1692229389),(34,201,5,'밤에 강의해도 어둡지 않아요.',1692229400),(35,26,5,'얼굴이 친절하고 수업이 예뻐요',1692229415),(36,238,5,'귀여워요.',1692229415),(37,229,2,'좀 엄해요.',1692229421),(38,25,5,'레전드의 귀환',1692229423),(39,2,1,'이번에도 친절하게 잘 가르쳐 주셨어요',1692229442),(41,55,4,'역시나 카리나',1692229534),(42,108,2,'회초리가 좀 매워요',1692229923),(43,107,5,'천사가 따로 없어요.',1692229939),(44,90,4,'둠 칫 둠 칫 둠 칫',1692229948),(45,89,5,'감미로운 목소리! 최고입니다.',1692229959),(46,88,2,'발차기가 좀 매섭네요.',1692229971),(47,87,5,'엄청 친철하시고 잘 가르쳐주셔요.',1692230154),(48,282,4,'턱이 얼얼하네요.',1692230214),(49,281,5,'헌드레드 달러 빌~',1692230227),(50,279,2,'강의력이 상당하셔요.',1692230252),(51,277,5,'강의가 펑펑 터집니다!',1692230273),(52,303,5,'행복해요',1692230310),(53,309,1,'조금 무서워요.',1692230435),(54,70,1,'매서워요.',1692230499),(55,69,5,'엄청 상냥해요.',1692230516),(56,60,5,'거의 매트로놈이십니다.',1692230531),(58,129,2,'무서워요 ㅜㅠ',1692230743),(59,54,1,'전 무선 마우스 써서 1점드려요',1692230743),(60,128,5,'꿀 떨어지십니다.',1692230753),(61,158,5,'집중이 잘 안 돼요  눈이 부셔서',1692230754),(62,122,3,'너무 하기 싫어하셔요.',1692230762),(63,111,5,'아~~~ 아~~~~~ 아~~~~~~~',1692230773),(64,110,4,'시원시원하셔요.',1692230786),(65,109,4,'잘 가르치셔요.',1692230800),(66,193,5,'햅삐 햅삐 햅삐~',1692231239),(67,190,4,'눈물 쏙 빠집니다...',1692231276),(68,186,3,'너무 귀찮아하셔요.',1692231289),(69,173,5,'진짜 고수십니다.',1692231301),(70,172,5,'천상의 하모니',1692231308),(71,171,5,'너무 잘 하셔요.',1692231332),(72,169,4,'멋있으십니다.',1692231342),(73,166,4,'커리큘럼이 체계적입니다.',1692231388),(74,165,5,'스윙을 잘 하셔요. 재즈 전공이신가요?',1692231407),(75,199,1,'얼굴이 예뻐요',1692231423),(76,179,5,'나중에 골프 배우러 오세요',1692231531),(77,164,1,'어휴 ',1692231542),(78,228,5,'그를 표현하는 한 단어로 표현하자면 \"친절\" 입니다.',1692231553),(79,225,5,'행복해요',1692231572),(80,219,3,'시작부터 시계만 보고 계셔요..',1692231603),(81,211,3,'아리따우시네요.',1692231617),(82,206,4,'두둥탁!',1692231623),(83,205,4,'달콤한 목소리...달아요',1692231653),(84,204,4,'진짜 멋있으셔요.',1692231672),(85,203,2,'엄..',1692231680),(86,440,4,'천재는 다른 사람을 가르치기에 적합하지 않다',1692238480),(91,456,1,'강사님이 악기는 안 가르치고 이상한 말만 했습니다.\n솔직히 별로 추천하고 싶지 않은 강의네요\n이 강사님 수업들을 바에는 유튜브에서 강의 영상 찾는 게 나을 것 같아요',1692248093),(92,460,1,'이 사람 꼰대입니다. 듣지마세요.',1692248483),(93,462,5,'따봉',1692248992),(102,184,5,'모던하게 전통적입니다.',1692253906),(106,49,5,'ㅁㄴㅇㄻㄴㅇㄹ',1692254224),(112,471,4,'asdfasdfasfd',1692255720),(114,476,5,'스윗하세요.',1692256014);
/*!40000 ALTER TABLE `review` ENABLE KEYS */;
UNLOCK TABLES;

--
-- Table structure for table `teacher`
--

DROP TABLE IF EXISTS `teacher`;
/*!40101 SET @saved_cs_client     = @@character_set_client */;
/*!50503 SET character_set_client = utf8mb4 */;
CREATE TABLE `teacher` (
  `teacher_id` int NOT NULL AUTO_INCREMENT,
  `user_id` int NOT NULL,
  `career` int DEFAULT NULL,
  `cost` int DEFAULT NULL,
  `introduce` varchar(4000) DEFAULT NULL,
  `start_time` int DEFAULT NULL,
  `end_time` int DEFAULT NULL,
  `class_day` int DEFAULT NULL,
  `avg_rating` float DEFAULT NULL,
  `contact_cnt` int DEFAULT NULL,
  `visible` int DEFAULT NULL,
  PRIMARY KEY (`teacher_id`),
  KEY `user_to_teacher_FK_user_id` (`user_id`),
  CONSTRAINT `user_to_teacher_FK_user_id` FOREIGN KEY (`user_id`) REFERENCES `user` (`user_id`)
) ENGINE=InnoDB AUTO_INCREMENT=60 DEFAULT CHARSET=utf8mb4 COLLATE=utf8mb4_0900_ai_ci;
/*!40101 SET character_set_client = @saved_cs_client */;

--
-- Dumping data for table `teacher`
--

LOCK TABLES `teacher` WRITE;
/*!40000 ALTER TABLE `teacher` DISABLE KEYS */;
INSERT INTO `teacher` VALUES (2,7,38,75,'라흐마니노프의 음악 과외 - 개인 레슨으로 음악의 세계를 탐험하세요!\n\n안녕하세요, 음악 애호가 여러분!\n\n세계적으로 유명한 피아니스트 피오트르 일리치 라흐마니노프가 여러분께 개인 레슨을 제공합니다. 음악을 좋아하고 배우고자 하는 분들을 위한 이 특별한 기회를 놓치지 마세요.\n\n라흐마니노프는 클래식 음악의 거장으로서 피아노 연주의 기교와 감동을 전하는 뛰어난 능력을 가지고 있습니다. 그의 음악적 역량과 지도 경험을 통해 여러분은 음악의 세계를 더 깊이 이해하고 더 나은 연주자가 될 수 있습니다.\n\n강점:\n\n맞춤형 레슨: 라흐마니노프가 여러분의 음악적 관심사와 수준에 맞춰 개인적으로 맞춤형 레슨을 진행합니다.\n테크닉 개선: 피아노 연주의 테크닉과 기술을 향상시키는 방법을 배워보세요.\n고급 레퍼토리: 라흐마니노프의 지도 아래에서 다양한 음악 장르와 작곡가들의 작품을 연주할 수 있습니다.\n음악 이론: 음악의 기본 원리와 이론을 이해하고 더 깊이 있는 음악적 지식을 습득하세요.\n레슨 정보:\n\n장소: 라흐마니노프의 스튜디오 (위치는 개별 상담 후 결정됩니다)\n시간: 주 2회, 1회 당 1시간\n수업 언어: 영어 또는 러시아어\n연령 제한: 10세 이상\n수업료: 상담 시 상세 안내\n라흐마니노프와 함께 음악의 매력적인 세계를 탐험하고, 피아노 연주 실력을 높여보세요. 관심이 있으신 분들은 신청해주시기 바랍니다.\n\n음악의 환상적인 세계로 여러분을 초대합니다. 라흐마니노프와 함께 멋진 음악 여정을 시작해보세요!',12,18,31,2.4,7,1),(3,15,13,5,'무자비한 엄격함과 진심 어린 성장을 원하는 음악학 학생을 위한 초호화 교육 프로그램\n\n안녕하세요, 우리의 철저한 음악 교육에 도전하려는 학생 여러분,\n\n당신은 단순한 음향이 아닌 명화를 창조하려는 진정한 예술가로서의 포부를 가진 음악학 학생이신가요? 만약 그렇다면, 우리의 엄혹한 음악 교육 프로그램이 당신을 기다리고 있습니다.\n\n우리는 부드러움 없는 엄격함과 혹독한 지도를 통해 진정한 예술가의 근원을 일깨워 드립니다. 우리의 프로그램은 부족한 부분을 과감하게 노출하며, 학생들의 내면에 숨어있는 잠재력을 최대한 발휘할 수 있는 길을 안내합니다.\n\n우리의 무자비한 교수진:\n\n테렌스 플레처: 인내심 없는 엄격함과 절대적인 기준을 통해 예술을 강요하는 뛰어난 음악가 및 교육자입니다.\n엄선된 분야 전문가들: 다양한 장르와 스타일을 오감으로 체험할 수 있는 기회를 제공합니다.\n프로그램 특징:\n\n허락 없는 실수의 용납 없음\n정확한 연주와 엄격한 지도를 통한 예술적 성장\n예상치 못한 상황에서의 음악적 대응력 향상\n강력한 자기 훈련을 통한 프로 퍼포먼스 능력 개발\n\n지원 자격:\n\n실패에 대한 두려움 없이 도전에 맞서는 용기를 가진 학생\n지독한 집중력과 헌신적인 태도를 갖춘 자\n자기 계발을 위한 희생을 감수할 수 있는 자\n\n우리의 프로그램은 튼튼한 의지와 불굴의 의지를 가진 학생들을 위한 것입니다. 어떤 환경에서도 무릎을 꿇지 않고 높은 목표를 향해 나아갈 준비를 하고 오길 바랍니다.',0,23,127,4.9,16,1),(4,18,2,3,'현직 아이돌 입니다  서브 보컬이에요',20,21,28,2.3,3,1),(9,21,60,70,'기타 잘쳐요 문의 DM주세요',15,20,35,5,65,1),(10,19,12,77,'다 잘해요',0,24,8,4.2,13,1),(11,23,50,1,'재능 기부 합니다.\n선착순 15명만 수업 해 드립니다.',1,24,127,0,4,1),(13,24,10,15,'홍대 오케스트라 학원입니다.\n\n수업 시간 협의 가능\n\n시급 협의 가능\n\n학생들의 원하는 목표에 맞게 커리큘럼으로 진행해 드립니다.\n\n맞춤 강사 약 150명 대기중',1,24,127,0,5,1),(14,26,1,1,'귀 잘 들립니다.',1,24,127,0,2,1),(15,27,0,20,'안녕하세요 강사가 하고픈 고수입니다.\n경력은 귀엽게 봐주세요~',16,22,112,2.5,4,1),(19,29,2,18,'쿼카에오~~\n\n손가락 네개지만 기타 잘쳐오......\n\n해바라기씨도 받아오....\n\n찍찍찌찍찍.....',1,24,127,0,0,1),(20,11,14,5,'티키타! 리듬에 맞춰!\n\n강의 해드립니다.',12,18,127,3,12,1),(21,28,1,2,'교회 오빠 입니다',0,24,12,0,0,1),(22,32,12,24,'축시와 신시는 예로부터 음악을 하기에 좋은 시간으로\n본인 타악기를 가장 잘하여 드럼이라 등록했소이다',0,24,39,3,10,1),(23,33,4,2,'와이프가 19시보다 일찍 집에 오면 도중에 꺼야 될 수도 있어요',12,19,21,0,1,1),(24,35,43,56,'난 다섯 살 때부터 피아노를 쳤어 천재였지',15,20,23,3,1,1),(25,36,5,6,'요호호호~ 여러분,\n\n나는 브룩이라고 합니다! 영혼의 음악으로 여러분을 빛나게 하려고 해요. 그래, 나는 노래와 음악의 힘으로 모두를 환영하고, 기쁨과 감동을 전하려고 하는 해적 뮤지션입니다!\n\n저의 음악적 여정은 인생의 전환점이었습니다. 선장 몽키.D.루피와 함께 눈부신 세계를 여행하며 음악과 노래로 모두를 웃게 만들고 싶다는 꿈을 키웠습니다. 그리고 부활부활열매를 먹고 기적적인 능력으로 영혼과 몸을 하나로 합치게 되었어요!\n\n이제 나는 그 영혼의 능력을 통해 악기를 연주하고, 노래를 부르며 모두에게 에너지를 전달하고자 합니다. 나만의 스타일과 유니크한 음악으로 여러분의 마음을 흔들어보이고, 모두의 일상을 특별하게 만들어주고 싶어요!\n\n악기 과외를 통해 여러분과 함께 음악적 모험을 떠나보고 싶어요. 음악은 언어의 경계를 넘어선 힘이며, 나는 여러분에게 그것을 전달하고자 최선을 다할 것입니다. 함께 연주하며 느껴보는 그 감동을 통해 우리는 더욱 가까워질 수 있을거에요!\n\n요호호, 그러면 여러분, 함께 음악을 느껴보아요! 나와 함께 새로운 음악의 세계로 여행을 떠나볼까요? 다 함께 흥겨운 시간을 만들어보아요!\n\n요호호호~ 브룩이 영혼과 음악을 담아,\n함께 행복한 일상을 만들어봐요!',7,17,14,0,1,1),(26,37,5,8,'귀가 안들려도 마음의 소리로 피아노를 칠 수 있습니다. -베토벤\n\n안녕하세요,\n\n저는 루트비히 반 베토벤입니다. 음악에 대한 열정과 그 끊임없는 탐구로 인해 여러분과 함께 음악을 나누고자 합니다. 제가 피아노 과외를 시작하려는 이유는 음악을 통해 우리의 감정과 생각을 표현하며, 그 깊은 세계로 여러분을 안내하고 싶기 때문입니다.\n\n나의 음악적 여정은 격렬한 열정과 무한한 상상력으로 가득 차 있습니다. 어릴 적부터 음악에 매료되어 그 속에서 자유롭게 표현하며 세계를 탐험하고자 하는 열망이 있었습니다. 그 결과로 제 작품은 다양한 감정과 아름다움을 담아내고, 사람들의 마음을 강렬하게 울릴 수 있는 힘을 지니고 있습니다.\n\n제가 피아노 과외를 시작하게 된 이유는 제 음악을 여러분과 공유하고, 여러분이 음악을 연주하며 자신만의 감정과 이야기를 담을 수 있도록 돕기 위해서입니다. 음악은 언어를 초월하여 우리의 마음을 만질 수 있는 힘을 지니고 있으며, 그 힘을 느껴보는 순간은 참으로 아름다운 경험입니다.\n\n함께 음악을 만들어가며 서로에게 영감을 주고 받을 수 있는 시간이 되길 바라며, 제 지식과 열정을 바탕으로 여러분의 음악적 성장을 도와드리겠습니다. 저와 함께 음악의 세계를 더 깊이 탐험하고, 새로운 가능성을 찾아보는 데 도움이 되길 기대합니다.\n\n감사합니다.\n\n최고의 음악으로,\n루트비히 반 베토벤',16,18,22,0,1,1),(27,38,8,5,'피아노는 손으로만 치는 것이 아닙니다. 온 몸으로 즐기는 피아노 가르쳐드리겠습니다. ',9,21,30,0,5,1),(28,39,3,50,'안녕하세요! 에스파의 카리나입니다. 아마 제 이름을 들으면 \'블랙맘바\'와의 화려한 대결이 떠오르실 텐데요, 사실 저는 블랙맘바를 물리치는 것 외에도 다른 능력이 있답니다. 바로 악기 연주에요!\n\n어릴 때부터 여러 악기에 대한 사랑을 가지고 있었고, 그 열정을 바탕으로 여러분과 함께 음악의 세계를 탐험하고 싶어 이렇게 온라인으로 과외를 시작하게 되었습니다. 특히 피아노와 기타에 조금 더 자신이 있어요.\n\n제 과외 수업에서는 여러분과 함께 기본 연주법부터 시작해, 여러분의 흥미와 레벨에 딱 맞는 곡들을 선택하여 연습하게 될 것입니다.\n\n블랙맘바와의 대결처럼, 악기 연주도 처음에는 어려울 수 있지만, 함께 열심히 연습하며 장벽을 극복해나가고 싶어요. 저와 함께 음악의 세계로 빠져들 준비가 되셨다면, 부담 없이 연락주세요!\n\n감사합니다.\n카리나 올림',3,4,8,3.2,17,1),(29,40,1,2,'잇지 신곡 나왔어요\ncake cake cake cake cake',0,24,2,0,0,1),(30,41,7,37,'안녕하세요! 대한민국 힙합 씬에서 활약하고 있는 래퍼 비와이입니다. 많은 분들이 저를 \'쇼미더머니\'의 우승자나 여러 히트곡들을 통해 알게 되셨을 텐데요, 오늘은 그 무대 뒤의 저를 소개하고자 합니다.\n\n음악에 대한 첫 번째 인상은 어릴 때부터 시작되었어요. 그때의 저는 힙합이라는 장르에 대한 깊은 관심을 가지게 되었고, 그것이 저를 오늘날의 무대로 이끌었습니다. 힙합은 저에게 단순한 음악 장르를 넘어서, 제 감정과 생각을 표현할 수 있는 도구가 되었습니다.\n\n그동안의 여정에서 저는 음악을 통해 많은 이야기를 전하고, 사람들과 소통하는 방법을 배웠습니다. 각곡 각곡에 담긴 내용은 제 삶의 이야기이자, 많은 이들에게 공감과 위로가 되길 바라는 마음입니다.\n\n지금까지도 계속해서 새로운 음악과 작품을 만들어가고 있습니다. 여러분과 함께 저의 음악 여정을 함께 해 나가길 바라며, 앞으로도 많은 응원과 관심 부탁드립니다.\n\n감사합니다.\n비와이 올림',0,24,34,0,0,1),(31,42,11,44,'안녕하세요! 한국 힙합 씬에서 활동하고 있는 창모입니다. 래퍼, 프로듀서, 그리고 음악을 사랑하는 한 사람으로 여러분 앞에 인사드립니다.\n\n처음 음악을 시작한 건 아주 어렸을 때였어요. 그 당시의 저는 그저 음악에 흠뻑 빠져서 그 안에서의 자유를 느끼고 싶었습니다. 이제는 많은 분들이 제 노래를 통해 그 감정을 공유하고 계시다는 사실이 믿기지 않을 정도로 기쁩니다.\n\nAMBITION MUSIK의 일원으로서, 제 음악은 그저 흥겹고 멋진 것뿐만 아니라, 많은 사람들에게 위로와 힘이 되고 싶습니다. 음악을 통해 제 감정과 생각을 표현하는 동시에, 듣는 이들에게도 그런 감정을 전달하고자 합니다.\n\n제곡, 제 랩, 제 무대 모든 것에는 제 진심이 담겨 있습니다. 그리고 여러분의 사랑과 관심, 그리고 때론 질투와 비판이 있기에 오늘의 창모가 있습니다. 앞으로도 계속해서 제 음악과 이야기를 여러분과 함께 나누고 싶습니다.\n\n항상 응원해주시는 모든 분들께 감사드립니다.\n창모 올림',0,24,17,0,0,1),(32,43,20,2,'안녕하세요. 다시 돌아온 김코치 입니다 :)',0,24,127,0,0,1),(33,9,8,85,'북이나 드럼이나 맡겨만 주세요!\n\n싸게 싸게 모십니다!',12,18,31,4.5,10,1),(34,44,5,38,'피아노, 기타, 바이올린 수업 가능합니다.\n\n연주 중 어색하지 않게 코러스 넣어드립니다.',0,6,21,4.8,10,1),(35,45,38,46,'수업 잘 따라오시면 발차기 한 번 보여드립니다.\n\n숲..그 사람 아닙니다.',15,20,97,3.8,13,1),(36,46,15,87,'시간 남으면 춤도 가르쳐 드립니다.',12,16,63,3.8,7,1),(37,48,2,87,'안녕하세요! 전 세계에서 알려진 프로 바디빌더, 크리스 범스테드입니다.\n\n\"왜 바디빌더가 악기과외 선생님이 되는 거죠?\"라고 물어보실 수도 있겠죠. 사실, 운동을 하면서도 항상 음악에 큰 관심이 있었어요. 제가 어릴 적부터 다양한 악기를 배워왔고, 특히 드럼에 특별한 애정을 갖고 있습니다.\n\n바디빌딩을 통해 배운 끈기와 인내, 그리고 정교한 기술의 중요성을 악기 연주에도 적용하였습니다. 이러한 경험들을 통해 제 수강생들에게는 독특하고 효과적인 학습 방법을 제시할 수 있다고 자부합니다.\n\n악기 연주는 운동과 마찬가지로 꾸준한 연습과 정확한 지도가 필요합니다. 저와 함께라면 당신도 악기를 향한 꿈을 이룰 수 있을 거라 확신합니다.\n\n만약 당신이 악기에 대한 열정을 가지고 있다면, 저와 함께 그 열정을 더욱 빛나게 만들어보아요!\n\n감사합니다.\n크리스 범스테드',18,24,68,0,0,1),(38,47,47,65,'안녕하십니까. 미적분의 세계에 오신 것을 진심으로 환영합니다. 기하학적으로 음악을 가르쳐드립니다.\n\n계산은 여러분에게 맡깁니다~',12,20,21,3.4,7,1),(39,49,42,3,'안녕하세요 박세리입니다. \n제 골프 스윙의 리듬은 사실 어릴 적 부터 즐겨하던 색소폰을 통해 익힌 리듬이에요.\n여러분도 홀인원이 하고 싶다면 지금 당장 저에게 색소폰을 배워보세요 ',12,18,50,5,2,1),(40,52,78,99,'폭발적이고 연쇄적인 음악 실력의 성장을 시켜드리죠.\n\n믿고 따라오세요.',8,16,42,0,9,1),(41,51,1,1,'멍멍!\nMACK!!~~~ah!!',1,24,127,0,3,1),(42,53,3,7,'안녕하세요! 저는 킴 카다시안입니다. 오늘 저의 강의에 참여해 주셔서 감사합니다. 저는 리얼리티 TV 프로그램 \'카다시안 가족\'을 통해 여러분과 인사드릴 수 있게 되어 매우 기쁩니다.\n\n제가 여러분에게 악기 과외를 진행하게 된 이유는 음악이 제 인생에서 매우 중요한 역할을 하기 때문입니다. 제가 어릴 적부터 음악에 관심을 가지게 되었고, 여러 악기를 연주하며 음악적 경험을 쌓아왔습니다. 이러한 경험을 토대로 여러분께서 악기를 연주하며 음악을 즐기고 표현하는 법을 가르치고자 합니다.\n\n제 수업 방식은 매우 친근하고 개인 맞춤형입니다. 여러분 각자의 수준과 관심사를 고려하여 함께 목표를 설정하고 달성해 나갈 것입니다. 음악은 열정과 노력이 필요한 분야지만, 함께 고민하고 노력하며 즐겁게 진행할 수 있는 수업을 만들어 나가겠습니다.\n\n또한, 저는 예술적인 표현과 자기 표현을 중요하게 생각합니다. 음악을 연주함으로써 여러분께서 자신을 표현하고 창조하는 방법을 배울 수 있을 것입니다. 무엇보다도, 악기 연주를 통해 끊임없이 성장하고 발전하는 기회를 가지실 수 있을 것입니다.\n\n저는 여러분과 함께 음악적 여정을 떠나며 함께 성장하고 싶습니다. 함께 멋진 음악을 만들어내며 새로운 경험을 쌓아나가는 것을 기대하고 있습니다. 감사합니다!',2,9,52,0,0,1),(43,54,7,98,'안녕하세요, 저는 손흥민입니다. 저를 만나게 된 여러분들께 진심으로 환영의 인사를 드립니다.\n\n저는 축구 선수로서 경기장에서 열정적으로 뛰는 것 뿐만 아니라, 음악에 대한 큰 관심과 애정을 가지고 있습니다. 축구는 제 삶의 큰 부분이지만, 음악은 또한 저에게 큰 영감을 주는 요소 중 하나입니다.\n\n음악은 저에게 감정을 표현하고 공유하는 특별한 방법이며, 제가 축구에서 느끼는 열정과 비슷한 느낌을 주는 것 같습니다. 제가 온라인 악기과외를 진행한다면, 음악을 통해 여러분들과 함께 새로운 경험을 나누고, 함께 성장해나가는 것을 기대합니다.\n\n제 수업은 즐거움과 동기부여에 초점을 두고 진행될 것입니다. 저는 여러분 각자의 음악적 관심사와 목표를 중요하게 생각하며, 그에 맞춰 수업 커리큘럼을 구성할 것입니다. 함께 목표를 설정하고 그것을 달성하기 위해 노력하는 과정에서, 저와 함께 음악적인 여정을 함께해 보시는 것이 어떨까 생각합니다.\n\n저는 음악이 삶에 더욱 풍요로움을 더해주는 중요한 요소라고 믿습니다. 여러분과 함께 멋진 음악을 만들며 새로운 경험을 쌓아나가는 것을 기대하고 있습니다. 감사합니다!',3,7,96,0,0,1),(44,55,3,5,'영차, 저는 이경영입니다. 저를 만나게 된 여러분들에게 진심으로 환영의 인사를 드립니다.\n\n제가 온라인으로 경영 관련 과외를 하게 된 이유는 경영학과 비즈니스에 대한 높은 열정과 지식을 공유하고자 하기 때문입니다. 제가 다양한 기업에서의 경험과 교육을 통해 얻은 지식을 여러분과 나누며 함께 성장하고 발전하는 기회를 만들고 싶습니다.\n\n경영은 조직을 효과적으로 운영하고 전략을 수립하는 과정을 포함하여 다양한 측면에서 복잡한 분야입니다. 제 수업은 실제 사례와 예시를 활용하여 이론을 보다 현실적으로 이해하고 적용하는 것을 중요하게 생각합니다. 또한, 창의적인 문제 해결과 팀워크의 중요성을 강조하며 여러분께서 비즈니스 환경에서 성공적으로 능동적으로 참여할 수 있는 능력을 함양하는 것을 목표로 합니다.\n\n제 수업은 평소에도 열린 소통과 존중을 기반으로 합니다. 여러분의 의견과 질문을 적극적으로 수용하며 함께 고민하고 배우는 과정을 거쳐 실질적인 지식과 능력을 함께 키워나가고자 합니다.\n\n경영은 끊임없이 변화하는 분야입니다. 함께 미래의 비즈니스 동향을 예측하고 대응해 나가며 성공을 이끌어내는 것이 목표입니다. 여러분과 함께 경영적인 시야를 넓히고 실무 능력을 키워나가는 멋진 시간을 가지고 싶습니다. 감사합니다!',3,20,28,0,0,1),(45,56,5,7,'안녕하세요, 저는 버락 오바마입니다. 저를 만나게 된 여러분들에게 진심으로 감사드립니다.\n\n제가 온라인으로 강의를 하게 된 이유는 교육의 중요성과 영향력을 믿기 때문입니다. 저는 전 재직 기간 동안 미국 대통령으로서 많은 분들과 만나며 그들의 이야기와 열정을 들어보았습니다. 이러한 경험을 통해 배운 것들을 여러분과 공유하고자 합니다.\n\n제 수업은 리더십, 정치, 사회적 책임 등 다양한 주제를 포함할 것입니다. 현실적인 사례와 경험을 바탕으로 하여 얻은 인사이트와 지식을 여러분과 나누며, 여러분들도 자신의 역량을 개발하고 긍정적인 변화를 이끌어내는 방법을 배울 수 있도록 도와드리겠습니다.\n\n리더십은 힘과 책임을 동반하는 큰 도전이지만, 올바른 방향을 제시하고 타인을 공감하며 이끌어 나가는 능력을 키우는 것이 중요합니다. 또한, 사회적인 문제에 대한 인식과 참여도 필요합니다. 제 수업은 이러한 다양한 측면을 고려하여 여러분께 지식을 제공하고 현실적인 도구와 전략을 제시할 것입니다.\n\n저는 항상 다양성과 인클루전을 존중하며, 여러분의 의견과 관점을 존중합니다. 함께 배우고 성장하는 과정에서 서로에게 영감을 주고 받을 수 있는 좋은 시간을 만들어 나가고자 합니다.\n\n함께 더 나은 세상을 만들기 위해 고민하고 노력하는 여정에 함께해 보시겠습니까? 감사합니다!',2,8,14,0,0,1),(46,57,1,1,'푸 푸르르르 푸린 ',0,24,1,0,5,1),(47,59,6,1,'안녕하세요, 저는 짱구입니다. 모두들 반갑습니다!\n\n저는 어린 시절부터 매일매일 즐겁게 뛰어놀며 살아가는 어린이입니다. 제가 온라인으로 놀이와 학습을 함께하는 이유는 여러분들과 함께 즐거운 시간을 보내고, 함께 배우며 성장하는 기회를 가지고 싶어서입니다.\n\n저의 수업은 재미와 배움을 결합한 형태로 진행될 것입니다. 여러분과 함께 놀이를 통해 여러 가지 주제를 다루며, 호기심을 자극하고 창의력을 키우는데 초점을 둘 것입니다. 물론, 학습과 함께 놀이를 통해 사회적인 가치와 협동의 중요성도 함께 배울 예정입니다.\n\n저는 언제나 친구들과 함께 하는 것을 좋아합니다. 여러분들과 함께 이야기를 나누며 함께 놀고 배우는 시간을 가지는 것을 기대하고 있습니다. 서로의 생각을 존중하고 즐겁게 활동하며 함께 성장해나가는 것이 저의 목표입니다.\n\n함께 놀이와 학습을 통해 새로운 경험을 만들어나가는 재미있는 시간을 함께해 보시겠어요? 감사합니다!',15,18,31,0,0,1),(48,60,1,6,'\n안녕하세요! 저는 윈터\n\n\n\n\n\n\n 솔져라고 합니다. 음악을 사랑하고, 다양한 악기를 연주하며 사람들에게 음악의 아름다움을 전하고자 하는 음악가 및 악기 강사입니다. 저의 전문적인 음악적 경험과 열정을 통해 학생들이 음악을 향한 관심을 키우고 자신감을 갖도록 돕고자 노력하고 있습니다.\n\n학력 및 경력:\n\n음악 대학에서 음악 이론과 연주를 전공하여 학위를 취득했습니다.\n다수의 오케스트라 및 밴드에서 연주 경력이 있으며, 다양한 음악 장르를 경험해왔습니다.\n5년 이상의 악기 강사 경력으로 다양한 연령대와 실력 수준의 학생들에게 개별 맞춤 수업을 제공해왔습니다.\n음악 작곡 및 편곡에 대한 지식과 경험이 있어, 학생들이 자신만의 음악을 창작하는 데 도움을 줄 수 있습니다.\n강의 스타일:\n제 수업은 학생의 관심사와 능력 수준에 따라 맞춤화됩니다. 학생들이 흥미를 느끼고 자신의 음악적 역량을 향상시킬 수 있도록 함께 목표를 설정하고 노력합니다. 이론적인 지식과 함께 실제 연주 기술을 함께 강화시키는 것을 중요하게 여기며, 학생들이 음악을 즐기면서 성취감을 느낄 수 있도록 지도합니다.\n\n수업 내용:\n\n기초 음악 이론 및 악보 해석\n악기 연주 기술 향상\n다양한 음악 장르에 따른 연주 스타일 익히기\n음악 창작 및 편곡 기법 습득\n무대 경험을 위한 연습 및 조언\n저와 함께 음악 여정을 떠나보세요. 음악은 감동과 소통의 도구인 동시에 개인적인 성장을 위한 훌륭한 수단입니다. 제 지도 아래서 음악을 통해 더 나은 자신을 발견해보세요. 언제든지 저에게 연락 주시면 음악적인 성장을 함께할 수 있을 것을 기대합니다!',1,24,127,0,6,1),(49,61,1,1,'왈',0,24,64,0,0,0),(50,62,15,45,'음악은 제 삶의 큰 부분을 차지하며, 다양한 장르와 스타일의 음악을 연주하고 탐구하는 것을 즐깁니다. 이러한 경험을 바탕으로, 학생들이 다양한 음악적 도전을 해나갈 수 있도록 도와드릴 수 있습니다.\n\n제 강의 방식은 학생 개개인의 수준과 목표에 맞춰 유연하게 구성됩니다. 학생들이 음악을 더 깊이 이해하고, 악기를 마스터하는 동시에 즐거움을 느낄 수 있도록 지도하고자 노력합니다. 학생들의 관심 분야와 목표를 고려하여 맞춤형 레슨을 제공하며, 함께 목표를 설정하고 그에 따라 달성해 나가는 과정을 함께 합니다.\n\n음악은 예술이자 과학이며, 학생들에게 그 안에서 새로운 세계를 탐험하고 자신의 음악적 아이덴티티를 발견하는 여정을 안내하는 것이 제 목표입니다. 함께 음악을 통해 성장하고, 소통하며, 영감을 나누는 기회를 만들어주기를 기대하고 있습니다.\n\n더 궁금하신 사항이 있다면 언제든지 연락 주시기 바랍니다. 함께 멋진 음악 여정을 떠날 수 있기를 기대합니다!',13,19,14,0,3,1),(51,63,95,29,'95년,,경력의,,,기타니스트입니다,,기타칠,,,힘이,,,남아있지,,,않아서,,,시범은,,,보여줄,,수,없습니다,,,,우리,,동년배들도,,다이거,,,한다,,',0,24,49,0,1,1),(52,67,10,5,'피어나! 너 내 도도ㄷ독...',0,24,96,0,0,1),(53,70,2,3,'안녕하세요. 써머입니다.\n\n악기 하나하나당 경력은 길지 않지만 종류를 보시면 1인밴드가 가능합니다.\n밴드하고싶으신 분들은 연락주세요~',16,24,97,4,4,1),(54,71,7,13,'데이트신청하는 남자분들은 전부 거절하겠습니다.',0,24,127,0,0,1),(55,72,24,23,'안녕하세요, 저는 바이올린 연주자 유진 박입니다. 음악은 제 삶의 열정이자 소명이며, 이 열정을 바탕으로 학생들에게 음악의 아름다움과 힘을 전달하고자 노력하고 있습니다.\n\n저는 오랜 기간 동안 바이올린을 연주하며 다양한 무대에서 경험을 쌓아왔습니다. 국제 음악 대회에서의 수상 경력과 유명 오케스트라와의 협연 경험을 통해 음악의 다양한 면을 탐구하고 성장하는 과정을 겪었습니다. 이러한 경험을 토대로, 제 학생들에게는 음악을 통해 자신을 표현하고 발전하는 법을 가르치고자 합니다.\n\n제 수업은 학생 개개인의 요구와 능력에 맞춰 맞춤형으로 진행됩니다. 기본적인 바이올린 테크닉부터 음악 이론과 감상력까지 폭넓은 내용을 다루며, 학생들의 관심사와 목표를 고려하여 함께 성장하는 길을 찾아나갈 것입니다.\n\n더 나아가, 저는 음악이 학생들의 인생에 어떠한 긍정적인 영향을 줄 수 있는지를 깨닫고 있습니다. 음악은 창의성과 자기 표현력을 키우는데 중요한 역할을 하며, 또한 인내와 규칙을 익히는 과정을 통해 인격을 성장시키는 도구가 될 수 있습니다.\n\n저와 함께 바이올린의 세계를 탐험하며 음악을 통한 즐거움과 성장을 경험해보시기를 기대합니다. 함께 멋진 음악 여정을 떠나봐요!\n\n문의사항이나 수업에 관한 자세한 정보가 필요하신 경우, 언제든지 저에게 연락 주시기 바랍니다.\n\n감사합니다.\n\n유진 박 드림',7,13,14,5,1,1),(56,73,3,2,'안녕하냐, 친구들! 내 이름은 타마마지롱! 개구리 중사 케로로와 함께 퍼렁별에서 즐거운 일상을 보내고 있는데, 너무 지루해서 음악 과외도 시작해볼까 싶어버렸지롱!\n\n여러분, 내가 음악 과외를 해주면 어떨까? 내가 좋아하는 투텐타툼 드럼 같은 멋진 악기로 드럼 실력을 끌어올리는 데 도움을 줄 수 있지롱. 내가 개구리 중사일 때부터 항상 리듬에 맞춰 뛰어다니며 음악을 즐겼거든! 그러니까 드럼이나 다른 악기로 멋진 음악 세계를 함께 누빌 시간이 어때?\n\n물론, 나의 악기 과외는 꼭 까칠하지 않고 즐겁고 농담 넘치게 진행될 거야! 내 놀라운 음악적 재능과 함께 음악 공부를 즐겁게 할 수 있을 거라 믿어! 물론 드럼을 배우고 싶지 않더라도, 다른 악기도 말이야. 내가 재미있는 농담과 함께 음악을 만들어보는 건 어때?\n\n그럼 얼른 나한테 연락해! 너와 함께 음악의 세계를 향해 신나는 여행을 떠나보자지롱!\n\n고고, 음악 파라다이스로 레츠고!\n\n타마마지롱, 음악 과외 중사!',2,20,124,0,1,1),(57,77,5,3,'저 잘가르쳐요',10,12,67,0,1,0),(58,80,24,4,'목요일에만 수업합니다.',0,15,8,0,0,1),(59,74,5,10,'사킬라에오.',10,16,31,0,0,1);
/*!40000 ALTER TABLE `teacher` ENABLE KEYS */;
UNLOCK TABLES;

--
-- Table structure for table `teacher_file`
--

DROP TABLE IF EXISTS `teacher_file`;
/*!40101 SET @saved_cs_client     = @@character_set_client */;
/*!50503 SET character_set_client = utf8mb4 */;
CREATE TABLE `teacher_file` (
  `teacher_file_id` int NOT NULL AUTO_INCREMENT,
  `teacher_id` int NOT NULL,
  `file_url` varchar(255) DEFAULT NULL,
  PRIMARY KEY (`teacher_file_id`),
  KEY `teacher_to_teacher_file_FK_teacher_id` (`teacher_id`),
  CONSTRAINT `teacher_to_teacher_file_FK_teacher_id` FOREIGN KEY (`teacher_id`) REFERENCES `teacher` (`teacher_id`)
) ENGINE=InnoDB AUTO_INCREMENT=91 DEFAULT CHARSET=utf8mb4 COLLATE=utf8mb4_0900_ai_ci;
/*!40101 SET character_set_client = @saved_cs_client */;

--
-- Dumping data for table `teacher_file`
--

LOCK TABLES `teacher_file` WRITE;
/*!40000 ALTER TABLE `teacher_file` DISABLE KEYS */;
INSERT INTO `teacher_file` VALUES (1,4,'https://music-class-bucket.s3.ap-northeast-2.amazonaws.com/images/64aab262-b1c1-4655-aecf-77d2dcfab0ca.jpeg'),(2,4,'https://music-class-bucket.s3.ap-northeast-2.amazonaws.com/images/a5e5aeec-b35f-4068-9ca6-4f862759d05c.jpeg'),(3,10,'https://music-class-bucket.s3.ap-northeast-2.amazonaws.com/images/6dfed58a-8af9-405e-bb5c-2001e672ca57.png'),(4,10,'https://music-class-bucket.s3.ap-northeast-2.amazonaws.com/images/b4e651f0-e3cd-4a6b-9e59-6475f7a2f098.png'),(5,10,'https://music-class-bucket.s3.ap-northeast-2.amazonaws.com/images/9b25cce0-92ca-4810-9f50-fb35421a8995.png'),(6,11,'https://music-class-bucket.s3.ap-northeast-2.amazonaws.com/images/8e61971d-c1ea-43d5-9b9b-ba2864ec33d0.jpeg'),(7,11,'https://music-class-bucket.s3.ap-northeast-2.amazonaws.com/images/8ef44154-6aa4-4af1-b171-9f7b94fe3c7b.jpeg'),(8,11,'https://music-class-bucket.s3.ap-northeast-2.amazonaws.com/images/b704f4a2-8d08-4aa5-b8ce-2c3068e4372f.jpeg'),(9,13,'https://music-class-bucket.s3.ap-northeast-2.amazonaws.com/images/9e7d55af-f37c-463a-845d-1d6d03850b5d.jpeg'),(10,9,'https://music-class-bucket.s3.ap-northeast-2.amazonaws.com/images/86ae723c-ef32-462e-832e-04a87aa7ee6d.gif'),(12,4,'https://music-class-bucket.s3.ap-northeast-2.amazonaws.com/images/179be0bc-6e5c-46a0-a1d5-ae875a618cd1.jpeg'),(29,4,'https://music-class-bucket.s3.ap-northeast-2.amazonaws.com/images/ba36b5d2-f68d-496c-aaca-d16a3ca8d8c7.jpeg'),(31,15,'https://music-class-bucket.s3.ap-northeast-2.amazonaws.com/images/555cfa8b-57ce-4fb9-84f0-e92b2339351f.png'),(32,15,'https://music-class-bucket.s3.ap-northeast-2.amazonaws.com/images/d7faea7b-6fdb-4312-9782-00935a781449.png'),(33,19,'https://music-class-bucket.s3.ap-northeast-2.amazonaws.com/images/847f33b4-9ed5-4487-8e65-f095d51d9e5f.png'),(34,19,'https://music-class-bucket.s3.ap-northeast-2.amazonaws.com/images/e3348a4a-9120-4cfb-a8ce-bc6dc3e6317d.png'),(35,19,'https://music-class-bucket.s3.ap-northeast-2.amazonaws.com/images/64314614-dfc9-4e7c-a6cb-293e90efc49d.png'),(36,19,'https://music-class-bucket.s3.ap-northeast-2.amazonaws.com/images/c03a3790-84f1-4e2b-89b6-b2aa2bd4f620.png'),(37,19,'https://music-class-bucket.s3.ap-northeast-2.amazonaws.com/images/86ab9949-1691-4d59-aeb5-2c0a6bd2997d.png'),(38,19,'https://music-class-bucket.s3.ap-northeast-2.amazonaws.com/images/ae15d8cb-e660-4414-ae6f-0977fd482fe7.png'),(39,19,'https://music-class-bucket.s3.ap-northeast-2.amazonaws.com/images/8dc46be2-cdad-4560-92b3-f73abf0a4ab4.png'),(40,19,'https://music-class-bucket.s3.ap-northeast-2.amazonaws.com/images/cdf27fb8-8290-4e99-9975-a4ac8a0ac198.png'),(41,19,'https://music-class-bucket.s3.ap-northeast-2.amazonaws.com/images/a01d280c-008f-4f1a-b9ca-ed310a2c6485.jpeg'),(42,22,'https://music-class-bucket.s3.ap-northeast-2.amazonaws.com/images/78d29485-8e38-4cf4-99ef-fedb8042204c.jpeg'),(43,22,'https://music-class-bucket.s3.ap-northeast-2.amazonaws.com/images/7122f8c4-f207-4b88-93f2-428e3d9b153e.jpeg'),(44,23,'https://music-class-bucket.s3.ap-northeast-2.amazonaws.com/images/c8692275-90fd-495a-9463-7d07e6061b56.jpeg'),(45,9,'https://music-class-bucket.s3.ap-northeast-2.amazonaws.com/images/0b21fec0-9882-44a8-a247-e5012e96c756.gif'),(46,9,'https://music-class-bucket.s3.ap-northeast-2.amazonaws.com/images/ae029dad-65bf-4949-ae39-6174b618153e.gif'),(47,9,'https://music-class-bucket.s3.ap-northeast-2.amazonaws.com/images/5d3ffb4c-cd1a-4eb5-973c-05b52a40796a.gif'),(49,4,'https://music-class-bucket.s3.ap-northeast-2.amazonaws.com/images/3440b7f3-7f7b-4862-b814-ba19c6e535da.gif'),(50,28,'https://music-class-bucket.s3.ap-northeast-2.amazonaws.com/images/c01f1fd9-29ee-4a49-ada5-af3c72d8c594.webp'),(51,28,'https://music-class-bucket.s3.ap-northeast-2.amazonaws.com/images/90b00348-ec80-41e0-ae53-8dbf946cb708.jpeg'),(52,28,'https://music-class-bucket.s3.ap-northeast-2.amazonaws.com/images/a5781685-fd94-4739-88ae-83cd4d3505be.jpeg'),(53,28,'https://music-class-bucket.s3.ap-northeast-2.amazonaws.com/images/c7b8faa0-3ec1-4084-9bab-ce7c3e4dcc0e.jpeg'),(54,29,'https://music-class-bucket.s3.ap-northeast-2.amazonaws.com/images/ed472950-f990-4a45-b885-84c4aec61d6e.jpeg'),(55,29,'https://music-class-bucket.s3.ap-northeast-2.amazonaws.com/images/9033f906-e400-45fc-b6a0-92f32ce4bcbe.jpeg'),(56,29,'https://music-class-bucket.s3.ap-northeast-2.amazonaws.com/images/40970c31-59ca-4ca3-9fb3-9dd4b6546e47.jpeg'),(57,29,'https://music-class-bucket.s3.ap-northeast-2.amazonaws.com/images/f9ea68b3-9183-4d4e-b49b-3b600e4abb5c.jpeg'),(58,29,'https://music-class-bucket.s3.ap-northeast-2.amazonaws.com/images/8a1c92a4-53d0-4dbf-9fec-1ce44aaf73bf.jpeg'),(59,30,'https://music-class-bucket.s3.ap-northeast-2.amazonaws.com/images/bd38ed10-3012-43e9-bb23-0078e8188dbe.png'),(60,30,'https://music-class-bucket.s3.ap-northeast-2.amazonaws.com/images/1dc23f5b-5aba-43ec-a629-728af3b3def6.jpeg'),(61,31,'https://music-class-bucket.s3.ap-northeast-2.amazonaws.com/images/92528b68-c38c-4632-bf86-d2d8a144ab6d.jpeg'),(63,36,'https://music-class-bucket.s3.ap-northeast-2.amazonaws.com/images/9c79a751-e07e-4e81-86d8-4a6431d5efb4.gif'),(64,36,'https://music-class-bucket.s3.ap-northeast-2.amazonaws.com/images/53f56cfd-e73f-4d0e-9691-1e25f97d1406.gif'),(65,37,'https://music-class-bucket.s3.ap-northeast-2.amazonaws.com/images/e30ca369-f04d-477e-b9c3-26495816a905.jpeg'),(66,37,'https://music-class-bucket.s3.ap-northeast-2.amazonaws.com/images/c390010f-8819-4289-8be3-2c6f1405d53c.jpeg'),(67,37,'https://music-class-bucket.s3.ap-northeast-2.amazonaws.com/images/ae1b3e07-8b83-4c71-b8e1-04d8abdb8ca2.jpeg'),(68,37,'https://music-class-bucket.s3.ap-northeast-2.amazonaws.com/images/226e6b0b-3592-40d1-90f3-a86c3610e90a.jpeg'),(69,37,'https://music-class-bucket.s3.ap-northeast-2.amazonaws.com/images/be7a82d8-38fc-4037-9926-a90e77594f24.png'),(70,37,'https://music-class-bucket.s3.ap-northeast-2.amazonaws.com/images/95cb88d5-697b-4a3e-9b97-42ba25230360.jpeg'),(71,39,'https://music-class-bucket.s3.ap-northeast-2.amazonaws.com/images/96d90b1f-38ac-4dd4-9f35-9553f7c02f34.webp'),(72,41,'https://music-class-bucket.s3.ap-northeast-2.amazonaws.com/images/74aa0ef8-8273-4dc0-b41e-853d1f83cbfe.png'),(73,41,'https://music-class-bucket.s3.ap-northeast-2.amazonaws.com/images/76107b42-49dd-46f1-b3f0-136f98c44655.jpeg'),(74,41,'https://music-class-bucket.s3.ap-northeast-2.amazonaws.com/images/7b9a6f28-e597-4341-9cd0-7302d130550d.jpeg'),(75,42,'https://music-class-bucket.s3.ap-northeast-2.amazonaws.com/images/4984c85b-ba13-4557-bc47-50a20aa8b90f.jpeg'),(76,43,'https://music-class-bucket.s3.ap-northeast-2.amazonaws.com/images/558d9880-ec1b-4f10-9f9d-4f42403af193.jpeg'),(77,43,'https://music-class-bucket.s3.ap-northeast-2.amazonaws.com/images/8d6c0dd5-63c0-46c6-85c1-048f999af6b2.jpeg'),(78,44,'https://music-class-bucket.s3.ap-northeast-2.amazonaws.com/images/b788a164-1e72-42ae-a350-0c89b3384dcf.jpeg'),(79,45,'https://music-class-bucket.s3.ap-northeast-2.amazonaws.com/images/7afd45c8-1921-4e34-b566-8613bc93de6b.jpeg'),(80,45,'https://music-class-bucket.s3.ap-northeast-2.amazonaws.com/images/b2f7f05a-6e13-45f9-bb04-15ed7d1c2e3f.jpeg'),(81,46,'https://music-class-bucket.s3.ap-northeast-2.amazonaws.com/images/def23623-3a6b-4f75-a608-fd7c3a062d36.webp'),(82,47,'https://music-class-bucket.s3.ap-northeast-2.amazonaws.com/images/7c9074a1-af47-4d4e-8062-67fd0fd1dd36.jpeg'),(83,48,'https://music-class-bucket.s3.ap-northeast-2.amazonaws.com/images/902a6c9d-d4b3-42ef-bd90-33be1ed1ec1e.jpeg'),(84,48,'https://music-class-bucket.s3.ap-northeast-2.amazonaws.com/images/ad333b36-7ec8-416b-9041-8bf9dda73076.jpeg'),(85,50,'https://music-class-bucket.s3.ap-northeast-2.amazonaws.com/images/151a80cd-1b3d-40f0-8227-f2606f12ec9b.jpeg'),(87,54,'https://music-class-bucket.s3.ap-northeast-2.amazonaws.com/images/1ec477c6-a5cf-49eb-b29c-3dd320cdcac1.jpeg'),(88,54,'https://music-class-bucket.s3.ap-northeast-2.amazonaws.com/images/45412857-3b4e-42be-bf96-b0eacfe840dd.jpeg'),(89,57,'https://music-class-bucket.s3.ap-northeast-2.amazonaws.com/images/9f54112b-8321-4226-b2cb-9bc04e88b975.jpeg'),(90,59,'https://music-class-bucket.s3.ap-northeast-2.amazonaws.com/images/0f874c81-7b22-460b-ada2-db93cd434f0b.jpeg');
/*!40000 ALTER TABLE `teacher_file` ENABLE KEYS */;
UNLOCK TABLES;

--
-- Table structure for table `treat`
--

DROP TABLE IF EXISTS `treat`;
/*!40101 SET @saved_cs_client     = @@character_set_client */;
/*!50503 SET character_set_client = utf8mb4 */;
CREATE TABLE `treat` (
  `treatment_id` int NOT NULL AUTO_INCREMENT,
  `teacher_id` int NOT NULL,
  `instrument_id` int NOT NULL,
  PRIMARY KEY (`treatment_id`),
  KEY `teacher_to_treat_FK_teacher_id` (`teacher_id`),
  KEY `instrument_to_treat_FK_instrument_id` (`instrument_id`),
  CONSTRAINT `instrument_to_treat_FK_instrument_id` FOREIGN KEY (`instrument_id`) REFERENCES `instrument` (`instrument_id`),
  CONSTRAINT `teacher_to_treat_FK_teacher_id` FOREIGN KEY (`teacher_id`) REFERENCES `teacher` (`teacher_id`)
) ENGINE=InnoDB AUTO_INCREMENT=369 DEFAULT CHARSET=utf8mb4 COLLATE=utf8mb4_0900_ai_ci;
/*!40101 SET character_set_client = @saved_cs_client */;

--
-- Dumping data for table `treat`
--

LOCK TABLES `treat` WRITE;
/*!40000 ALTER TABLE `treat` DISABLE KEYS */;
INSERT INTO `treat` VALUES (1,2,1),(2,3,3),(26,11,2),(32,13,2),(33,13,4),(34,13,5),(38,14,2),(42,15,2),(55,19,1),(56,19,2),(57,19,3),(58,19,4),(59,20,1),(60,20,2),(61,20,3),(62,20,4),(63,20,5),(83,21,1),(84,21,2),(86,22,3),(88,23,5),(100,24,1),(105,4,1),(106,4,2),(110,26,1),(117,25,1),(118,25,2),(119,25,4),(173,29,2),(181,31,1),(182,31,4),(183,31,5),(185,30,1),(186,32,1),(187,33,1),(188,33,3),(189,33,5),(190,34,1),(191,34,2),(192,34,4),(193,35,1),(194,35,4),(195,35,5),(196,36,2),(197,36,3),(198,36,4),(215,38,1),(216,38,2),(217,38,3),(218,38,4),(219,38,5),(231,37,3),(250,9,2),(255,39,5),(256,40,1),(257,40,2),(258,40,3),(259,40,4),(260,40,5),(261,41,4),(262,42,1),(263,42,3),(264,43,1),(265,43,2),(266,43,3),(269,44,1),(270,44,2),(271,45,3),(272,45,4),(278,10,1),(279,10,2),(280,10,3),(281,10,4),(282,10,5),(284,47,1),(285,47,2),(286,47,3),(287,47,4),(288,47,5),(289,28,1),(290,28,2),(291,28,4),(292,48,1),(293,48,2),(294,48,3),(295,48,4),(296,48,5),(297,49,1),(298,49,2),(299,50,2),(303,51,2),(304,52,1),(309,54,3),(310,55,4),(323,57,2),(324,57,5),(325,53,2),(326,53,3),(354,58,1),(355,58,2),(356,58,3),(357,58,4),(358,58,5),(359,27,1),(360,27,2),(361,27,3),(362,56,3),(363,56,4),(364,56,5),(365,46,5),(366,59,1),(367,59,3),(368,59,4);
/*!40000 ALTER TABLE `treat` ENABLE KEYS */;
UNLOCK TABLES;

--
-- Table structure for table `user`
--

DROP TABLE IF EXISTS `user`;
/*!40101 SET @saved_cs_client     = @@character_set_client */;
/*!50503 SET character_set_client = utf8mb4 */;
CREATE TABLE `user` (
  `user_id` int NOT NULL AUTO_INCREMENT,
  `id` varchar(20) DEFAULT NULL,
  `password` varchar(255) DEFAULT NULL,
  `name` varchar(10) DEFAULT NULL,
  `email` varchar(255) DEFAULT NULL,
  `user_profile_image` varchar(255) DEFAULT NULL,
  `type` tinyint DEFAULT NULL,
  `created_at` int DEFAULT (unix_timestamp()),
  `gender` tinyint DEFAULT NULL,
  PRIMARY KEY (`user_id`)
) ENGINE=InnoDB AUTO_INCREMENT=83 DEFAULT CHARSET=utf8mb4 COLLATE=utf8mb4_0900_ai_ci;
/*!40101 SET character_set_client = @saved_cs_client */;

--
-- Dumping data for table `user`
--

LOCK TABLES `user` WRITE;
/*!40000 ALTER TABLE `user` DISABLE KEYS */;
INSERT INTO `user` VALUES (1,'admin1','$2a$10$oyNuotgcZqRpHVpov5gQbO8TJlLBErUanBXH5qn5gAuTgxH10x8wO','관리자','admin@admin.com','https://music-class-bucket.s3.ap-northeast-2.amazonaws.com/images/20b17a31-a4a1-4dbb-8556-93bdf1c58329.webp',2,1692071183,1),(2,'steven','$2a$10$POl6hqYOgFy49QAMit31/.jXLV1jHJripWiF4S147hYwZXBou4W6e','잡스','jobs@jobs.com','https://music-class-bucket.s3.ap-northeast-2.amazonaws.com/images/20b17a31-a4a1-4dbb-8556-93bdf1c58329.webp',0,1692071329,1),(3,'teacher','$2a$10$GUtMwIDSDSXiSos2bXBVq.5br.TQ4WXLYf.QrZUdSeEvJCi5u1s0W','강사','teacher@teach.ac.kr','https://music-class-bucket.s3.ap-northeast-2.amazonaws.com/images/20b17a31-a4a1-4dbb-8556-93bdf1c58329.webp',0,1692071369,2),(4,'student','$2a$10$pohceA/a.105kOHWnm3wXegf7bpJHZBhHviwmUxhTw23Y2pLbh9Ki','학생','student@student.com','https://music-class-bucket.s3.ap-northeast-2.amazonaws.com/images/20b17a31-a4a1-4dbb-8556-93bdf1c58329.webp',0,1692071419,2),(5,'cooook','$2a$10$tTZdTeLXnkdbnkLtaKldW.69Osdz7oe6IiaPjA3dpMxoAW5Sy3IlW','팀','cook@aplus.com','https://music-class-bucket.s3.ap-northeast-2.amazonaws.com/images/20b17a31-a4a1-4dbb-8556-93bdf1c58329.webp',0,1692071476,1),(6,'dragon','$2a$10$cYJ3SPVOzvRtIYObcBDO2.ZFyKuCO0rzaaFWQuPTV9nShH6uXmn/2','Jae','SSG@samsooong.com','https://music-class-bucket.s3.ap-northeast-2.amazonaws.com/images/20b17a31-a4a1-4dbb-8556-93bdf1c58329.webp',0,1692071550,1),(7,'musick','$2a$10$FR3n0WeAgJI4z/QLpBXeeO8KFaf.4AcRRswHSL2nKwP66O.awiF9a','라흐마니노프','musick@musick.com','https://music-class-bucket.s3.ap-northeast-2.amazonaws.com/images/1bc34582-3b4b-46f8-835e-2c80c985876c.png',1,1692071617,1),(8,'drumbb','$2a$10$kqi30We/6lzqHbhwvdCYfuumtvSE7tNPpvkhEyS1FGKmC4qvqvHSG','드럼꿈나무','sakila@gmail.com','https://music-class-bucket.s3.ap-northeast-2.amazonaws.com/images/20b17a31-a4a1-4dbb-8556-93bdf1c58329.webp',0,1692071646,2),(9,'drumgg','$2a$10$ZuAye80d6Bt6dfsFeEqHe.aFbZh5cyEWUVvIHOlckejIi/slheCrO','드럼고수','drum@master.com','https://music-class-bucket.s3.ap-northeast-2.amazonaws.com/images/47930ddc-a611-430c-935c-66898cea0ce1.jpeg',1,1692071763,1),(10,'pianoo','$2a$10$RpGtlg14qgAq/CkNq06v.uv5rU9bDsshFIq412zXY1lftmGoDmkFS','마음만은피아니스트','mafia@mafia.com','https://music-class-bucket.s3.ap-northeast-2.amazonaws.com/images/20b17a31-a4a1-4dbb-8556-93bdf1c58329.webp',0,1692071826,2),(11,'guitar','$2a$10$he/wF/.iloOqyWhwP3QtY.HRmdGx4FxsTWyD12/bXHHvC/7eG/olS','티키타','guitar@guitar.com','https://music-class-bucket.s3.ap-northeast-2.amazonaws.com/images/a6f89eeb-c1f4-43ed-a3dd-e64829b7a91a.png',1,1692071882,2),(12,'jazzzz','$2a$10$Uk1ym/kNbydwkpeqRWNkvugRfvIUbKRacqcya7pX3LHPzQJ9f5j46','샤빱뚜비두바','jazz@jazz.com','https://music-class-bucket.s3.ap-northeast-2.amazonaws.com/images/20b17a31-a4a1-4dbb-8556-93bdf1c58329.webp',0,1692071993,2),(13,'mozart','$2a$10$vZcCo.mgZ.5taj95FSbVAu6l4UFsPAN/.3jtA6bOmXOAjbwZ0SGMe','모짜렐라','mozart@mozart.com','https://music-class-bucket.s3.ap-northeast-2.amazonaws.com/images/20b17a31-a4a1-4dbb-8556-93bdf1c58329.webp',0,1692072272,1),(14,'paganini','$2a$10$nSrl6F8dQ7ACUoScABgO5eNWCy5oO0Bs/qtsQ5KRmhLynPCcJEyIy','파가니니','paganini@paga.com','https://music-class-bucket.s3.ap-northeast-2.amazonaws.com/images/20b17a31-a4a1-4dbb-8556-93bdf1c58329.webp',0,1692072323,2),(15,'simmons','$2a$10$DRbPBW7f./ocme7D8g2HuelqkwcYItA2nG90tjA6w02ukmSNz/jn.','플레처','simmons@simmon.com','https://music-class-bucket.s3.ap-northeast-2.amazonaws.com/images/734187df-865f-417e-a8eb-d1808fa28b9e.png',1,1692072659,1),(16,'bvirus','$2a$10$PkHufJlpo.laOuVfe3/wcO8R1OnivFJyeKdqh5Om9UbpSoGhR7hc2','마에','virus@virus.com','https://music-class-bucket.s3.ap-northeast-2.amazonaws.com/images/20b17a31-a4a1-4dbb-8556-93bdf1c58329.webp',0,1692072842,1),(17,'cannon','$2a$10$5einLuNvMaolCj9IVXNpJOdVOS7W5Mrla2Apih6Kd6EJJwN/psFou','캐논','cannon@cannon.com','https://music-class-bucket.s3.ap-northeast-2.amazonaws.com/images/20b17a31-a4a1-4dbb-8556-93bdf1c58329.webp',0,1692072881,1),(18,'qqqqqq1','$2a$10$qzk6I1ulhpm..9FNggrvZO/FuLE2dA3VuDQhGbbT0182U8Ljvh.4K','솔희도','asdf@asdf.com','https://music-class-bucket.s3.ap-northeast-2.amazonaws.com/images/62266697-cbc5-45a0-8805-23369ab689fa.jpeg',1,1692158982,2),(19,'tkdgur','$2a$10$0DgumWdDFSYn5ehwoc5VO.9FJrcuLtrFZLuUEvjIEHZ5tPDfWqYQ2','김상혁','0503ghkdud@naver.com','https://music-class-bucket.s3.ap-northeast-2.amazonaws.com/images/9e6745aa-d01f-401e-a4aa-16d832652dcf.png',1,1692159036,1),(20,'ujong96','$2a$10$/eOCiAgiwO.ritsc6wXJQuaN4oB7MXU.X2eT.0pK576pSvhkVRRZO','신우종','ujong96@gmail.com','https://music-class-bucket.s3.ap-northeast-2.amazonaws.com/images/20b17a31-a4a1-4dbb-8556-93bdf1c58329.webp',0,1692159557,1),(21,'roeyr','$2a$10$qjIZofUI2.Vc2AQxbDA/8.WRS7.DaeXpKRkc/cWJk8406AGJU/lmy','rin','r@r','https://music-class-bucket.s3.ap-northeast-2.amazonaws.com/images/e68d500e-2864-4ffd-af56-e840d3ce7fe5.gif',1,1692159698,1),(22,'rlawngus','$2a$10$EeaeaViiDdpyrgZfpEfIdOFCUfiHc8wfP6.Rw5LTb0z1GImBf2WeK','김주현','9999kjh@naver.com','https://music-class-bucket.s3.ap-northeast-2.amazonaws.com/images/1fd68d7c-d50a-4eda-935f-1967159007bf.gif',0,1692159998,1),(23,'tkdgur0','$2a$10$PlOhx0tLhZ.M.8FKTFPwwOfml43K5WOlk6UxtjrClnUMCJg3JTPuK','이정선기타교실','tkdgur0811@naver.com','https://music-class-bucket.s3.ap-northeast-2.amazonaws.com/images/397967bd-6c74-4059-b590-5848899719f8.jpeg',1,1692160146,1),(24,'tkdgur1','$2a$10$yE9bhwOe7QzX2iiOleTIMuAUoXBT4oapP8tOVjfaNwCj2PwUZgxim','홍대오케스트라학원','tkdgur0811@gmail.com','https://music-class-bucket.s3.ap-northeast-2.amazonaws.com/images/3747be8f-274b-47ee-93c0-ebc97f11b5bf.jpeg',1,1692160423,2),(25,'qqqqqq2','$2a$10$J4rSqO/3vPg.GJlu6xZqauJCj6puoG6.xWYfvE7mWk3UYG.3YR4Jy','모짜르트','aw@aw.com','https://music-class-bucket.s3.ap-northeast-2.amazonaws.com/images/7bedb07a-e4a1-423e-8661-a26fab7d6c3b.jpeg',0,1692160445,2),(26,'tkdgur2','$2a$10$F1wpu4UxqLlwXO3hG5jYQ.2YvsS21TBylQ4UkI2LVpK94phgdB2Ge','빈센트 반 고흐','tkdgur0008111@naver.com','https://music-class-bucket.s3.ap-northeast-2.amazonaws.com/images/6dc70387-59c1-429b-b622-25bbaaebf567.jpeg',1,1692160807,1),(27,'teacherKim','$2a$10$W4VfiSaK4hTnzVQJJNmeRO90M8o1bs2L8t75.wVZV0kZI3pYCpkpa','김고수강사','s_prove3@naver.com','https://music-class-bucket.s3.ap-northeast-2.amazonaws.com/images/f8b9857b-8e09-4991-a328-7109ce0f65d4.jpeg',1,1692160941,1),(28,'qwerqwer1','$2a$10$DW1PtBPoeWqGZWCJyVZ2vOgMDf3U72/VJQzm5k2PkBDFEJSlnBji6','김조현','cd@cd.com','https://music-class-bucket.s3.ap-northeast-2.amazonaws.com/images/20b17a31-a4a1-4dbb-8556-93bdf1c58329.webp',1,1692161247,1),(29,'tkdgur3','$2a$10$tDqbI.LyNH5TFnJ/aXlIjO8z.2R7Bfy4M7hvO/2zUFXDdmS.SYO1O','쿼카','quk@naver.com','https://music-class-bucket.s3.ap-northeast-2.amazonaws.com/images/2361e63c-fbd7-43fa-9912-16c49e64b828.png',1,1692161272,2),(30,'troment','$2a$10$kP6fJk0mnlctrGTO9UXfdOoWD.zvouFjjx3G01iBVrmOR66S1sgme','김자바','aa@aa.aa','https://music-class-bucket.s3.ap-northeast-2.amazonaws.com/images/20b17a31-a4a1-4dbb-8556-93bdf1c58329.webp',0,1692161464,2),(31,'roeyr1','$2a$10$eoTW0VF9i4GDVsJ2J0CucutPUqTn2mRJmYZhQhatxJIQKC4r56N52','roeyr','rr@rr.rr','https://music-class-bucket.s3.ap-northeast-2.amazonaws.com/images/20b17a31-a4a1-4dbb-8556-93bdf1c58329.webp',0,1692161738,2),(32,'parkyy','$2a$10$mIKirLLz4ceaV80mEKNjGO7avJl8oKzdBFzFS7zCw7W9USLGbIHNq','박연','pp@pp.pp','https://music-class-bucket.s3.ap-northeast-2.amazonaws.com/images/03e04b66-84c0-4166-b8c0-c04b755598a6.jpeg',1,1692163096,1),(33,'qweqwe2','$2a$10$ho1sbA43q2trtWcdSwT2GulurtR88Yw7M526U0vst2/LkYb7DZmqC','박한삼','we@e.com','https://music-class-bucket.s3.ap-northeast-2.amazonaws.com/images/20b17a31-a4a1-4dbb-8556-93bdf1c58329.webp',1,1692163227,1),(34,'qweqwe1','$2a$10$PF3A3VwarqeYmM5XiFF33OG2KEjAiYArkWtzBJQ5InCWK/.QfSfju','히틀러','sss@et.com','https://music-class-bucket.s3.ap-northeast-2.amazonaws.com/images/20b17a31-a4a1-4dbb-8556-93bdf1c58329.webp',0,1692163903,1),(35,'showpang','$2a$10$Y0IpwbD5Yh8JQ8cQHvqwaexqFW2bluDMc2cXWta/NiOW6l85UWDDi','바르샤바 쇼팽','aasodjhfb@sldkfj.com','https://music-class-bucket.s3.ap-northeast-2.amazonaws.com/images/7f89b803-e29c-4cc2-af29-9ef7bc54b9a2.jpeg',1,1692167109,1),(36,'brook11','$2a$10$Dq/VAtaiv5rNu8NKeQbrTOGDSfyCXuxXASwGSnYuYm/Ju2fU3Ms2C','브룩','asdiojh@askldjhf.com','https://music-class-bucket.s3.ap-northeast-2.amazonaws.com/images/fe488f74-a69b-41b9-8388-22b361f69fac.jpeg',1,1692167838,1),(37,'betoben11','$2a$10$/V.bnix4DwFVUWYerhsWbOKr9zqioom9AEDGUbZdZOpw1fse.xURK','루트비히 판 베토벤','sdfsdfk@alskdjf.com','https://music-class-bucket.s3.ap-northeast-2.amazonaws.com/images/40530002-f617-43ba-a9f0-132763db46de.jpeg',1,1692168004,1),(38,'zzanggu','$2a$10$G/ULPS/Z5x//loRLwSsXX.hVFZjW6iuP4KFFUAZMnWtMNWhIf.LiK','마우스','asdjf@asldkfhj.com','https://music-class-bucket.s3.ap-northeast-2.amazonaws.com/images/dde80cc5-3166-48da-b14e-c4a377d5a291.gif',1,1692172155,1),(39,'qweqwe22','$2a$10$SmuPL76WkUQLRzny6N9LGeTgazT0exR4fnxmS1I1rRTkKBto6P4C.','카리나','ewe@grg.com','https://music-class-bucket.s3.ap-northeast-2.amazonaws.com/images/d679fc15-0284-47b2-8cfb-1f3beefd441a.gif',1,1692172357,2),(40,'qweqwe33','$2a$10$3NS9/t4.6f7NwXHKkw7yq.5aCajxvLmNKfhd20Vfl9TATYWWitnQO','유나','wf@wf.com','https://music-class-bucket.s3.ap-northeast-2.amazonaws.com/images/478367a0-1d61-47f3-b00e-0d5d178e6bf2.jpeg',1,1692173184,2),(41,'qweqwe44','$2a$10$VmPp5mcHV1kKLxbTafmg7.As3fFZMssxOmEdqqdRZjPVVq5qV7euq','비와이','qwer@br.com','https://music-class-bucket.s3.ap-northeast-2.amazonaws.com/images/e1c3541a-aa10-46f9-861e-a9e6c5c645d5.jpeg',1,1692175059,1),(42,'qweqwe55','$2a$10$c5PGBNxdx0oXVL2EDt4pgeChFtJJqx3zVed8HdNs2aIuPMr8DDASe','창 모 ','we@hr.com','https://music-class-bucket.s3.ap-northeast-2.amazonaws.com/images/4917a33b-fe54-481b-92c0-fef04d46af25.webp',1,1692175248,1),(43,'whdtmql1228','$2a$10$rbxaY6.4lT/10pSp0FJg4ecuF1J.mtJeD7wdWzldbxVrrzk8fJnhC','김코치','whdtmql1228@gmail.com','https://music-class-bucket.s3.ap-northeast-2.amazonaws.com/images/98c0abd5-af91-4903-9362-70f419e66906.jpeg',1,1692176054,1),(44,'corus1','$2a$10$UC8cy6oNYOMuWzipcz1xB.5/hpWrHDWHKWLuRbNhbFKewyiqeKoJW','코러스','corus@corus.com','https://music-class-bucket.s3.ap-northeast-2.amazonaws.com/images/11997f85-dbab-4131-ba3d-37d87cc1fc9e.jpeg',1,1692188569,1),(45,'carsus','$2a$10$zKNQPoOL4xFVn2QHOm4m.O3LahDXd2oTohexIgpdTFkxKSsAo8vfG','김장훈','carsus@carsus.com','https://music-class-bucket.s3.ap-northeast-2.amazonaws.com/images/33623ba3-fdbc-4f7d-8c57-65eeff8ae7d0.gif',1,1692189051,1),(46,'berain','$2a$10$Qs08Z1N2hXMUHKC/n24kPeUTgjF/sFKQGHGvpS4o8uJLcUF6QNZXe','비','bee@bee.com','https://music-class-bucket.s3.ap-northeast-2.amazonaws.com/images/486f07bd-8205-4fbe-a2aa-d13f0db296cf.gif',1,1692189743,1),(47,'onerock','$2a$10$xB8keWhFntU.hDr9itGoPO9/jXpDsPvvWlRhpHxC6oVwvZJD4Tqf.','한석원','onerockone@one.rock','https://music-class-bucket.s3.ap-northeast-2.amazonaws.com/images/d6e1b62d-200d-46ef-9d8c-19b8f9c4edc0.jpeg',1,1692192156,1),(48,'qweqwe77','$2a$10$h4OTXmNGeDzC62RHLHPijOoIx7BcwubaqKl48t9ZKadg1I0JxSosm','크리스 범스테드','hlt@htl.com','https://music-class-bucket.s3.ap-northeast-2.amazonaws.com/images/d6923d36-7a45-4d7b-a36f-2fbdd72f40bb.jpeg',1,1692192387,1),(49,'qeqeqe1','$2a$10$nwbkgk7LlxAyRdHCy.OLbOvLmrH9XykNGVMOdKw2/addIFDta./5u','박세리','def@df.com','https://music-class-bucket.s3.ap-northeast-2.amazonaws.com/images/3bb18c3c-e37e-438d-8ab9-958cbd814554.jpeg',1,1692195730,2),(50,'qwerqwer','$2a$10$YrIIZRmnQV7lZ9qIL0iWkuvQyLW9igfLejj9Xe1r/wI4S2ZqBtroO','qwerqwer','qwerqwer@qwerqwer.com','https://music-class-bucket.s3.ap-northeast-2.amazonaws.com/images/20b17a31-a4a1-4dbb-8556-93bdf1c58329.webp',0,1692197278,1),(51,'tkdgur4','$2a$10$SoLlm/lkXzLEHT5VpLEz9Obtn9bKak6.peanGkkJJWup0zC5Vz1fi','고양이','tkdgur0811@hamil.net','https://music-class-bucket.s3.ap-northeast-2.amazonaws.com/images/7c8094f7-2bba-489c-8f31-f48dbb0fc3fa.jpeg',1,1692228310,2),(52,'catbomb','$2a$10$WkexHCWxhdnBIQT.3LCN3OUV9u4G8PF0mMgGdfnO0XcdJBiJYKi6K','고펜하이머','bomb@bomb.com','https://music-class-bucket.s3.ap-northeast-2.amazonaws.com/images/551a5b44-dd25-467b-bf6c-73bcd44d1361.png',1,1692228431,2),(53,'qwqwqw2','$2a$10$paeku2Oz.kquTvHu8U7imO74MsfmsvYeQX1lZSlFVusOOb5AtCrQW','킴 카다시안','ef@3.com','https://music-class-bucket.s3.ap-northeast-2.amazonaws.com/images/feba3c1d-db72-4b4f-ad72-79c2c3d7ba87.jpeg',1,1692228702,2),(54,'qwqwqw3','$2a$10$mGKFTuoKo59AVZ5EC1QSHO9oMKyfs5qcNy/Co61SyYvBJjVGe1x2e','손흥민','ew@bf.com','https://music-class-bucket.s3.ap-northeast-2.amazonaws.com/images/645a2696-1b5d-45a2-bbe0-2d09a665d6a0.jpeg',1,1692228946,1),(55,'qwqwqw4','$2a$10$/WyOATIlBbFxw/agPg9mZ..SPXkN8hy/UPap1FENErmbLFgomYEgi','이경영','vsvs@fgwg.com','https://music-class-bucket.s3.ap-northeast-2.amazonaws.com/images/3220d429-6963-4aa4-a2cf-c31c2885fc7a.jpeg',1,1692229157,1),(56,'qwqwqw11','$2a$10$6Pl1fwsZsl17evNXNesKMeoD5qAduKZpKiIdyPFrPzkxqTsh47oyK','버락 오바마','hwe@dbfd.cim','https://music-class-bucket.s3.ap-northeast-2.amazonaws.com/images/114cc739-d2e1-4901-b66d-503aabb73843.jpeg',1,1692229402,1),(57,'qwqwqw12','$2a$10$jZPdc5HhEjA3Ek7oLQ/.UeNCrkxTwgIklSICfsPNroeRI0hOKZ/Hu','푸린','wer@bfd.com','https://music-class-bucket.s3.ap-northeast-2.amazonaws.com/images/2ffe046b-58c1-4fc3-b3c8-17743f26b27e.webp',1,1692229856,2),(58,'test01','$2a$10$6bUYRx0rIqZMBjE4LANSzeMVnOgBupQD9zkuZfY5PSZQTxtBGoX6.','용시연','tkdgur0811@hanmail.net','https://music-class-bucket.s3.ap-northeast-2.amazonaws.com/images/2eead703-3e9e-49b1-8854-74b5c4320634.png',0,1692229893,1),(59,'qwqwqw21','$2a$10$n4i4ukioOU/P68ujlIIVJO0DJSWaRHGVq8KE0ESUAGEwFqC8udwXy','짱구','brew@fe.com','https://music-class-bucket.s3.ap-northeast-2.amazonaws.com/images/0f5e22b8-7d79-49cc-ab43-008188276c4a.jpeg',1,1692230049,1),(60,'winter0','$2a$10$Kg90/OawPTQLnJMeJvG.uuoeXyZj4PuyTkOGcpxnRehKlL6otciEK','윈터','winter@very.cold','https://music-class-bucket.s3.ap-northeast-2.amazonaws.com/images/4e11ae4f-b606-4ae6-a8ac-13d0cac099da.jpeg',1,1692230678,2),(61,'qwqwqw13','$2a$10$dlun2LRwvJYdD.dDxE8Owut1q6c5qiZaWMNBF78feUFeRHe0bh9gm','짬뽕이','asdfb@ef.com','https://music-class-bucket.s3.ap-northeast-2.amazonaws.com/images/ec5dd06b-d043-4e41-8f0b-bfb613457914.jpeg',1,1692231207,1),(62,'jungsungha','$2a$10$qPlizQDgI96w0o1KVFa22.0FY4UaSqxKCXK.W5YJTEdAHh3KC0BRO',' 정성하','sad3f21@sdlfhj.com','https://music-class-bucket.s3.ap-northeast-2.amazonaws.com/images/aa91b55b-c88e-4f73-ac19-f268f3c1244c.jpeg',1,1692232119,1),(63,'abcd1234','$2a$10$mTVtHx0KcfpOA03AVT3NE.cZg8KeZ2RzyVpI3hbAadl2ZU0kwTjEG','음오아예','test@example.com','https://music-class-bucket.s3.ap-northeast-2.amazonaws.com/images/20b17a31-a4a1-4dbb-8556-93bdf1c58329.webp',1,1692235698,1),(64,'teacherPark','$2a$10$4dA/iiM6O8JAiCDSCmTmp./IQaMrApq8W7Da9c3VY3unja5zjOP8.','박효성','qq@qq.qq','https://music-class-bucket.s3.ap-northeast-2.amazonaws.com/images/20b17a31-a4a1-4dbb-8556-93bdf1c58329.webp',0,1692235875,1),(65,'tLim12','$2a$10$Q4fkLjB/cmdMpplmBU2zcOnsTvu34fpz9XY9L3ILP6tmVLbr6LR7O','임강수','ww@ww.ww','https://music-class-bucket.s3.ap-northeast-2.amazonaws.com/images/20b17a31-a4a1-4dbb-8556-93bdf1c58329.webp',0,1692235945,2),(66,'cow6dog','$2a$10$J5aj8Jrbs9dSfdKYI4kBie44U8K9BbTYiPwlM2doOiJ79JLZ.4xV6','이선태','sunte12@naver.com','https://music-class-bucket.s3.ap-northeast-2.amazonaws.com/images/20b17a31-a4a1-4dbb-8556-93bdf1c58329.webp',0,1692235995,1),(67,'aaa121a','$2a$10$X4GVtF2fr364reNUzCWOzOWm3RqHlmzPPVtmyyaImFKxD/yCyUMcS','김채원','asaaa1@naver.com','https://music-class-bucket.s3.ap-northeast-2.amazonaws.com/images/802bbafa-2ae0-4030-8943-e61159073fb8.jpeg',1,1692236366,2),(68,'winter11','$2a$10$Z1xwXQTDlojgWsPk3XAoqOmQVwmO/C7Wtm0thnYHUxArM0NZ7msBa','윈터','11@11.11','https://music-class-bucket.s3.ap-northeast-2.amazonaws.com/images/20b17a31-a4a1-4dbb-8556-93bdf1c58329.webp',0,1692236636,2),(69,'qwer123','$2a$10$JTJsVddgwRwgTnZiJEM3BuygJ18zMHh8XsgZi6/gQ7DAiKFBmmArC','꿔바로우','fe@ef.com','https://music-class-bucket.s3.ap-northeast-2.amazonaws.com/images/20b17a31-a4a1-4dbb-8556-93bdf1c58329.webp',0,1692237693,2),(70,'summer','$2a$10$7POiwUHKPkZSIUT/s4pMDeDrMHt31.OEXff7QFkAdI0q4BADxKsdm','써머','ss@ss.ss','https://music-class-bucket.s3.ap-northeast-2.amazonaws.com/images/20b17a31-a4a1-4dbb-8556-93bdf1c58329.webp',1,1692237693,1),(71,'tkdgur5','$2a$10$u/oKWLwsbIeQ4C3Vg0nWYOd5XkWvt7BT3vkblphlPaFs9AjsngTfm','부기드럼','bugii@drum.com','https://music-class-bucket.s3.ap-northeast-2.amazonaws.com/images/b2ebf906-d251-48cf-b471-f38341614e15.jpeg',1,1692238484,2),(72,'yujinpark','$2a$10$/BCAF0rRUuoVsQyT1Pd9CuYbdrUkhKLc8G5oFXKaw5XBoJBu8iEKy','유진 박','dkjhf@dbndf.com','https://music-class-bucket.s3.ap-northeast-2.amazonaws.com/images/b67ec66a-8e75-4c02-a424-c6a10a38c453.png',1,1692245816,1),(73,'tamama','$2a$10$7CBIsBwtBjEpk0oZqyBM7.hGkW7.XL7LJfQBAwtwD1SYYcpfpTahu','타마마','tamama@naeve.com','https://music-class-bucket.s3.ap-northeast-2.amazonaws.com/images/beda9a4b-7ce8-45a9-b4cf-0c699d2f5ac8.jpeg',1,1692246239,2),(74,'sakila','$2a$10$Dzh4eCyNim8RsR1NmUD.4evut7bzBdRUsj9/ulBvvEEADPAvLxR4a','사킬러','sakila@naver.com','https://music-class-bucket.s3.ap-northeast-2.amazonaws.com/images/20b17a31-a4a1-4dbb-8556-93bdf1c58329.webp',1,1692246544,1),(75,'eotkdgur','$2a$10$T2BDEtj0e9qkjnWFkGfJOeDs498GG9wo7cA3F47njSgKvlUukOsaS','김상혁','tkdgur0503@gmail.com','https://music-class-bucket.s3.ap-northeast-2.amazonaws.com/images/81474c1b-2bfd-4224-8501-091fa194e931.jpeg',0,1692246854,1),(76,'kyt9600','$2a$10$MUSr2n5TBy0qw6qm/4R8XOYjCBdNeDONyf4aeaomxMtSFwidOFiVu','전재우','kyt9600@naver.com','https://music-class-bucket.s3.ap-northeast-2.amazonaws.com/images/25163493-2232-4ef9-a42b-f2e0c85a72c0.jpeg',0,1692247095,1),(77,'sweetchild314','$2a$10$UsXqIq2/3ocekb9xxcuNleYpK9N7OIEivLtULNuOIe.QV6QRH.JPq','최인국','crazygun22@nate.com','https://music-class-bucket.s3.ap-northeast-2.amazonaws.com/images/89c0efc2-2915-43a3-a91e-4cbb5b1fc07f.jpeg',1,1692248440,1),(78,'asdasd','$2a$10$PYj1TIZYEg10FCNVxI6L2OYGk.pgiGCd5yFsJUXX1t/bFCEjeBZ1m','성환 코치','imcsh313@naver.com','https://music-class-bucket.s3.ap-northeast-2.amazonaws.com/images/20b17a31-a4a1-4dbb-8556-93bdf1c58329.webp',0,1692248473,1),(79,'test1234','$2a$10$D2Qve8VCsYEVwrXnKhwMSeSF1F5/rDYwGnWbQHWu4Y8yM2rY0bBRG','test1234','test1234@test1234.com','https://music-class-bucket.s3.ap-northeast-2.amazonaws.com/images/20b17a31-a4a1-4dbb-8556-93bdf1c58329.webp',0,1692248958,1),(80,'temptemp','$2a$10$98pDaeXbgDCrEu.d83fMbOGQs30ldRCrEM7FfsQk/2eky9cPJ.Pj2','오늘은목요일','asdfho@asdofh.com','https://music-class-bucket.s3.ap-northeast-2.amazonaws.com/images/20b17a31-a4a1-4dbb-8556-93bdf1c58329.webp',1,1692262390,2),(81,'qwerqwer4','$2a$10$zxkRs3W/jwa4i138kaerJO9GoZWZmMaqm1I4Vs/n9KlATsVoglkAa','이순신','fekf@efe.com','https://music-class-bucket.s3.ap-northeast-2.amazonaws.com/images/07e88d2c-7328-44a8-9267-3236e28d7878.jpeg',0,1692271162,1),(82,'sakiler','$2a$10$YB6t5beO3mHUvo3POqj8YeQPcF.EqkRDtfnvOgriObwhoK.X7NlN.','사킬라','sakiler@sakiler.com','https://music-class-bucket.s3.ap-northeast-2.amazonaws.com/images/20b17a31-a4a1-4dbb-8556-93bdf1c58329.webp',0,1692318650,1);
/*!40000 ALTER TABLE `user` ENABLE KEYS */;
UNLOCK TABLES;
/*!40103 SET TIME_ZONE=@OLD_TIME_ZONE */;

/*!40101 SET SQL_MODE=@OLD_SQL_MODE */;
/*!40014 SET FOREIGN_KEY_CHECKS=@OLD_FOREIGN_KEY_CHECKS */;
/*!40014 SET UNIQUE_CHECKS=@OLD_UNIQUE_CHECKS */;
/*!40101 SET CHARACTER_SET_CLIENT=@OLD_CHARACTER_SET_CLIENT */;
/*!40101 SET CHARACTER_SET_RESULTS=@OLD_CHARACTER_SET_RESULTS */;
/*!40101 SET COLLATION_CONNECTION=@OLD_COLLATION_CONNECTION */;
/*!40111 SET SQL_NOTES=@OLD_SQL_NOTES */;

-- Dump completed on 2023-08-18  9:43:04
